Time_sample,Time_h,Load_P_A_kW,Load_P_B_kW,Load_P_C_kW,Load_P_total_kW,Load_Q_A_kvar,Load_Q_B_kvar,Load_Q_C_kvar,Load_Q_total_kvar
30,0.5,6.775,3.133,5.755999999999999,15.664000000000001,1.3203624500000002,2.17179278,2.3864911899999997,5.87864642
60,1.0,4.538,3.0629999999999997,3.909,11.51,1.4444559999999997,2.3670857400000003,0.7296619799999999,4.54120372
90,1.5,4.498000000000001,3.333,2.5469999999999993,10.378,1.3938188899999997,2.7087427300000004,1.59018929,5.692750910000001
120,2.0,4.798000000000001,2.2029999999999994,4.027,11.028,1.7734464,1.2787480299999998,3.4630957999999996,6.51529023
150,2.5,4.468000000000001,2.3129999999999993,2.657,9.438,1.3558571799999999,1.4179592799999996,1.7294051099999999,4.503221569999999
180,3.0,4.548,3.2630000000000003,2.1969999999999996,10.008,1.4571023099999996,2.62015163,1.1472826799999998,5.224536619999999
210,3.5,4.868,3.853,3.9170000000000003,12.638,1.8620523999999998,3.3667978400000007,3.32391756,8.552767800000002
240,4.0,4.058,3.1430000000000002,3.206999999999999,10.408,0.8369983300000005,2.4683074400000002,2.4254295900000002,5.730735360000001
270,4.5,4.788,2.912999999999999,1.5969999999999998,9.297999999999998,1.76081151,2.1772474400000004,0.38797067999999996,4.32602963
300,5.0,4.998000000000001,2.5929999999999995,2.8469999999999995,10.438,2.02657945,1.7722895399999996,1.9698467899999998,5.768715779999999
330,5.5,4.758,3.343,3.287,11.387999999999998,1.7228378799999997,2.7214017900000003,2.5266639100000003,6.97090358
360,6.0,2.032999999999999,3.2229999999999985,6.204999999999999,11.460999999999997,1.2546195199999999,2.60750964,1.60283769,5.46496685
390,6.5,6.723399999999999,3.063,2.5370000000000004,12.3234,1.7580780899999997,2.4050175800000004,1.8053175600000002,5.968413230000001
420,7.0,7.151199999999999,4.409,2.2399999999999998,13.800199999999998,1.7448873399999996,2.22639553,0.8505372599999999,4.821820129999999
450,7.5,3.5929999999999995,3.9229999999999996,10.046100000000001,17.5621,1.2181264699999999,2.3776554400000007,1.9474616999999996,5.54324361
480,8.0,7.721,6.8450000000000015,15.954499999999998,30.5205,1.48627195,2.4348291899999994,3.5644483700000005,7.48554951
510,8.5,7.788,5.53,10.0135,23.331500000000002,1.9793970899999997,1.9955409999999998,2.0200449700000007,5.99498306
540,9.0,10.878200000000001,12.886199999999999,11.283000000000003,35.0474,2.1380642200000004,2.72180039,3.0809576900000004,7.940822300000001
570,9.5,9.5751,15.5691,14.327000000000002,39.4712,2.03120614,5.034284850000001,1.87867859,8.94416958
600,10.0,9.564100000000002,10.1356,19.794999999999998,39.494699999999995,1.2171880200000003,2.38685818,2.1622807899999996,5.76632699
630,10.5,15.660100000000002,14.297600000000001,12.957999999999998,42.9157,1.47416019,1.68704544,1.2817941899999998,4.44299982
660,11.0,21.833000000000002,16.3095,11.908,50.0505,2.71261954,1.8769298799999998,2.0758886700000003,6.66543809
690,11.5,11.078,12.353499999999999,9.0,32.4315,1.374300808,3.1468982299999997,2.42635407,6.947553107999999
720,12.0,8.631,8.174999999999999,6.597,23.403,2.25127686,2.5673301900000003,1.8946114800000005,6.713218530000001
750,12.5,12.625,6.7509999999999994,5.71,25.086,1.5685782599999996,2.07232885,3.2609320000000004,6.90183911
780,13.0,13.977000000000002,19.161,12.794999999999996,45.933,1.3981111800000001,3.6862479999999995,1.7487774000000005,6.833136580000001
810,13.5,10.973,18.6495,6.462000000000001,36.084500000000006,2.8152589300000006,2.803919000000001,1.63957458,7.258752510000001
840,14.0,17.657000000000004,15.442500000000003,7.937,41.036500000000004,2.27796039,2.71786845,2.7962492600000006,7.7920781
870,14.5,16.914,13.333,4.956,35.203,2.5403190500000004,2.6265465900000002,2.17873652,7.345602160000001
900,15.0,15.948,13.765999999999998,9.495999999999999,39.209999999999994,1.7569564600000003,3.8163127000000006,2.3896409899999997,7.962910150000001
930,15.5,10.829000000000002,8.084000000000001,7.0115,25.924500000000002,1.79785672,1.6522947999999997,1.75098106,5.2011325799999995
960,16.0,17.599,19.699999999999992,7.950999999999999,45.24999999999999,0.72460696,2.7144037400000003,1.2898391899999997,4.72884989
990,16.5,19.767,10.846499999999999,11.079,41.692499999999995,1.3098273,2.0389149399999997,2.6227353200000003,5.97147756
1020,17.0,22.561999999999998,16.272,21.827099999999994,60.66109999999999,1.9222965999999997,3.6665237999999993,2.9858683000000004,8.5746887
1050,17.5,23.567400000000006,23.058499999999995,13.754,60.3799,0.9835725000000003,2.2826205,2.3508408999999997,5.6170339
1080,18.0,29.345400000000005,12.047,9.218999999999998,50.6114,2.2778245600000004,2.0299346000000003,1.4387509799999998,5.746510140000001
1110,18.5,24.223,21.301,16.262999999999998,61.787,1.0161589,3.9074028999999992,2.51296008,7.436521879999999
1140,19.0,14.979,16.616999999999994,17.9025,49.49849999999999,1.4077757199999998,2.85796315,1.47685219,5.74259106
1170,19.5,15.812499999999998,9.123999999999999,15.498499999999995,40.43499999999999,2.0975152199999996,0.70567985,3.0132228000000008,5.81641787
1200,20.0,15.663499999999999,19.309,21.427,56.399499999999996,1.8602979000000002,2.2009311000000005,2.3289923700000004,6.390221370000001
1230,20.5,12.8425,18.8375,15.718999999999998,47.399,2.00403812,2.6920850000000005,2.2048124199999997,6.900935540000001
1260,21.0,12.1055,11.478000000000003,10.5285,34.112,1.1207497599999998,1.5562551199999997,1.6423008200000002,4.319305699999999
1290,21.5,15.135,18.582499999999996,11.328499999999998,45.04599999999999,2.2166304000000006,2.9887867999999997,2.0798528099999998,7.28527001
1320,22.0,15.3522,12.551,11.381,39.2842,0.5452873800000001,3.4741364999999993,1.7074676100000001,5.72689149
1350,22.5,11.628499999999997,11.489,10.959000000000001,34.0765,1.4246874799999998,1.0861973400000002,1.3822223000000005,3.8931071200000007
1380,23.0,9.0495,14.847999999999999,11.038500000000004,34.93600000000001,1.86548403,1.78823474,1.27396759,4.92768636
1410,23.5,10.472000000000001,6.525499999999998,9.089000000000002,26.0865,0.7330742500000001,1.8673378400000005,1.3155184899999999,3.9159305800000004
1440,24.0,9.898000000000001,6.9875,10.268,27.1535,2.1839679,3.3178700400000003,1.9283211,7.4301590399999995
