Time_sample,Time_h,PV_architecture,PV_available_P_W,PV_command_P_W,PV_Q_command_var,PV_curtailment_W,CentralSolar_Available_P_W,CentralSolar_P_command_W,CentralSolar_Q_command_var,CentralSolar_P_curtailment_W
30,0.5,central,0.0,-3.0050186043677755e-16,-1.2288739688720575e-07,3.0050186043677755e-16,0.0,-3.0050186043677755e-16,-1.2288739688720575e-07,3.0050186043677755e-16
60,1.0,central,0.0,-3.020581844013439e-16,-1.264789280262201e-07,3.020581844013439e-16,0.0,-3.020581844013439e-16,-1.264789280262201e-07,3.020581844013439e-16
90,1.5,central,0.0,-3.038466781845076e-16,-1.31918727900381e-07,3.038466781845076e-16,0.0,-3.038466781845076e-16,-1.31918727900381e-07,3.038466781845076e-16
120,2.0,central,0.0,-2.9892879349996085e-16,-1.1112670785867889e-07,2.9892879349996085e-16,0.0,-2.9892879349996085e-16,-1.1112670785867889e-07,2.9892879349996085e-16
150,2.5,central,0.0,-3.0293509739254964e-16,-1.2974201832702794e-07,3.0293509739254964e-16,0.0,-3.0293509739254964e-16,-1.2974201832702794e-07,3.0293509739254964e-16
180,3.0,central,0.0,-3.030103816578763e-16,-1.325720349173318e-07,3.030103816578763e-16,0.0,-3.030103816578763e-16,-1.325720349173318e-07,3.030103816578763e-16
210,3.5,central,0.0,-3.0389579302507335e-16,-4.856505613478595e-08,3.0389579302507335e-16,0.0,-3.0389579302507335e-16,-4.856505613478595e-08,3.0389579302507335e-16
240,4.0,central,802.8310228511782,-9.64386656466579e-09,1.0994090227582774e-07,802.831022860822,802.8310228511782,-9.64386656466579e-09,1.0994090227582774e-07,802.831022860822
270,4.5,central,3348.13146317036,-9.643864953080526e-09,1.138522256994346e-07,3348.1314631800037,3348.13146317036,-9.643864953080526e-09,1.138522256994346e-07,3348.1314631800037
300,5.0,central,7612.490472052799,-9.643864644657453e-09,1.145696588133621e-07,7612.490472062444,7612.490472052799,-9.643864644657453e-09,1.145696588133621e-07,7612.490472062444
330,5.5,central,16214.672980009611,16214.673080003588,1.1482925871776236e-07,0.0,16214.672980009611,16214.673080003588,1.1482925871776236e-07,0.0
360,6.0,central,32040.626329922346,32040.626429916323,1.0272070720942184e-07,0.0,32040.626329922346,32040.626429916323,1.0272070720942184e-07,0.0
390,6.5,central,67541.17105030791,67541.17115030189,-1.9733537796399063e-09,0.0,67541.17105030791,67541.17115030189,-1.9733537796399063e-09,0.0
420,7.0,central,81235.98201122369,81235.93010081699,-1.2881480655257133e-07,0.05191040670615621,81235.98201122369,81235.93010081699,-1.2881480655257133e-07,0.05191040670615621
450,7.5,central,139783.09169335256,139783.08553738313,8.409065539163738e-09,0.006155969429528341,139783.09169335256,139783.08553738313,8.409065539163738e-09,0.006155969429528341
480,8.0,central,137806.99617541744,137806.989761924,-9.995377370913664e-08,0.00641349345096387,137806.99617541744,137806.989761924,-9.995377370913664e-08,0.00641349345096387
510,8.5,central,157786.37576376746,157786.3708342539,-3.195130719464811e-08,0.004929513554088771,157786.37576376746,157786.3708342539,-3.195130719464811e-08,0.004929513554088771
540,9.0,central,172443.48122961321,172443.47705796146,4.1746585038752035e-08,0.004171651758952066,172443.48122961321,172443.47705796146,4.1746585038752035e-08,0.004171651758952066
570,9.5,central,185006.28302110874,185006.27942190378,-4.12545681889581e-08,0.0035992049670312554,185006.28302110874,185006.27942190378,-4.12545681889581e-08,0.0035992049670312554
600,10.0,central,119416.07162306807,119416.06328603365,7.980051594601206e-08,0.008337034421856515,119416.07162306807,119416.06328603365,7.980051594601206e-08,0.008337034421856515
630,10.5,central,229745.74207171457,229745.7394786857,-1.652148464619908e-07,0.002593028882984072,229745.74207171457,229745.7394786857,-1.652148464619908e-07,0.002593028882984072
660,11.0,central,235990.30875364214,235990.30627508156,1.6535891797798772e-07,0.002478560578310862,235990.30875364214,235990.30627508156,1.6535891797798772e-07,0.002478560578310862
690,11.5,central,232588.44417352724,232588.4416340147,-2.3004495774334833e-07,0.0025395125267095864,232588.44417352724,232588.4416340147,-2.3004495774334833e-07,0.0025395125267095864
720,12.0,central,137662.54700039705,137662.5404312531,2.0860247157213282e-07,0.006569143966771662,137662.54700039705,137662.5404312531,2.0860247157213282e-07,0.006569143966771662
750,12.5,central,86507.1933071255,86507.15907256314,-9.021496087956712e-08,0.034234562364872545,86507.1933071255,86507.15907256314,-9.021496087956712e-08,0.034234562364872545
780,13.0,central,63436.07803724001,63436.078137233984,1.6314277439275067e-08,0.0,63436.07803724001,63436.078137233984,1.6314277439275067e-08,0.0
810,13.5,central,220843.12489531777,220843.12222098053,-3.799154222559867e-08,0.0026743372436612844,220843.12489531777,220843.12222098053,-3.799154222559867e-08,0.0026743372436612844
840,14.0,central,219014.5041579911,219014.50141442433,1.2742249634699945e-08,0.0027435667579993606,219014.5041579911,219014.50141442433,1.2742249634699945e-08,0.0027435667579993606
870,14.5,central,209104.784648659,209104.78177975927,7.742965800169163e-08,0.0028688997263088822,209104.784648659,209104.78177975927,7.742965800169163e-08,0.0028688997263088822
900,15.0,central,169589.67598894524,169589.67168537667,-2.0148737031913938e-07,0.00430356856668368,169589.67598894524,169589.67168537667,-2.0148737031913938e-07,0.00430356856668368
930,15.5,central,108386.17806758464,108386.16561606363,1.601507476415342e-07,0.012451521004550159,108386.17806758464,108386.16561606363,1.601507476415342e-07,0.012451521004550159
960,16.0,central,167971.81180257935,167971.80758957987,-9.581477874125847e-09,0.0042129994835704565,167971.81180257935,167971.80758957987,-9.581477874125847e-09,0.0042129994835704565
990,16.5,central,124580.44620067778,124580.4380650856,-8.396750560332434e-08,0.008135592172038741,124580.44620067778,124580.4380650856,-8.396750560332434e-08,0.008135592172038741
1020,17.0,central,58867.659044205095,33557.84974851231,-1.7213198907319244e-07,25309.809295692787,58867.659044205095,33557.84974851231,-1.7213198907319244e-07,25309.809295692787
1050,17.5,central,21386.15526279812,-9.643867340327814e-09,-4.785469394145772e-09,21386.155262807762,21386.15526279812,-9.643867340327814e-09,-4.785469394145772e-09,21386.155262807762
1080,18.0,central,35726.29562474032,9971.327071247615,-1.7129570153351845e-08,25754.968553492705,35726.29562474032,9971.327071247615,-1.7129570153351845e-08,25754.968553492705
1110,18.5,central,34880.48921037201,891.1415949674671,-1.9932112643321386e-07,33989.34761540454,34880.48921037201,891.1415949674671,-1.9932112643321386e-07,33989.34761540454
1140,19.0,central,14676.355200650205,-9.643864799152739e-09,-1.0993139041544199e-10,14676.35520065985,14676.355200650205,-9.643864799152739e-09,-1.0993139041544199e-10,14676.35520065985
1170,19.5,central,6556.644238336597,-9.643864442784375e-09,1.1422861509852247e-07,6556.644238346241,6556.644238336597,-9.643864442784375e-09,1.1422861509852247e-07,6556.644238346241
1200,20.0,central,1478.7101336823926,-9.643865463659979e-09,2.0763287741054593e-07,1478.7101336920364,1478.7101336823926,-9.643865463659979e-09,2.0763287741054593e-07,1478.7101336920364
1230,20.5,central,513.8621598622417,-9.643866771096222e-09,1.6421997052453984e-07,513.8621598718855,513.8621598622417,-9.643866771096222e-09,1.6421997052453984e-07,513.8621598718855
1260,21.0,central,0.0,-3.044254699699671e-16,-4.143336863340495e-08,3.044254699699671e-16,0.0,-3.044254699699671e-16,-4.143336863340495e-08,3.044254699699671e-16
1290,21.5,central,0.0,-3.0044969303448e-16,4.656342319492525e-08,3.0044969303448e-16,0.0,-3.0044969303448e-16,4.656342319492525e-08,3.0044969303448e-16
1320,22.0,central,0.0,-3.052488429420044e-16,-2.8972493462488583e-07,3.052488429420044e-16,0.0,-3.052488429420044e-16,-2.8972493462488583e-07,3.052488429420044e-16
1350,22.5,central,0.0,-3.082480251397318e-16,1.1933434757434937e-07,3.082480251397318e-16,0.0,-3.082480251397318e-16,1.1933434757434937e-07,3.082480251397318e-16
1380,23.0,central,0.0,-2.9983374624902265e-16,-1.2870240580976633e-07,2.9983374624902265e-16,0.0,-2.9983374624902265e-16,-1.2870240580976633e-07,2.9983374624902265e-16
1410,23.5,central,0.0,-3.0263776735991046e-16,-1.2767027384646174e-07,3.0263776735991046e-16,0.0,-3.0263776735991046e-16,-1.2767027384646174e-07,3.0263776735991046e-16
1440,24.0,central,0.0,-3.03367785556396e-16,2.785443638185312e-08,3.03367785556396e-16,0.0,-3.03367785556396e-16,2.785443638185312e-08,3.03367785556396e-16
