Time_sample,Time_h,Feeder_line,DSS_P_A_kW_raw,DSS_P_B_kW_raw,DSS_P_C_kW_raw,DSS_Q_A_kvar_raw,DSS_Q_B_kvar_raw,DSS_Q_C_kvar_raw,DSS_I_A_A,DSS_I_B_A,DSS_I_C_A,DSS_P_total_kW_raw,DSS_Q_total_kvar_raw,Feeder_P_A_kW_import_positive,Feeder_Q_A_kvar_import_positive,Feeder_P_B_kW_import_positive,Feeder_Q_B_kvar_import_positive,Feeder_P_C_kW_import_positive,Feeder_Q_C_kvar_import_positive,Feeder_P_total_kW_import_positive,Feeder_Q_total_kvar_import_positive,Feeder_import_kW,Feeder_export_kW
30,0.5,feeder2_line1,-16.661666870117188,-20.83793067932129,-18.04794692993164,4.962344646453857,6.096659183502197,6.275242805480957,70.03427124023438,87.46452331542969,76.9854736328125,-55.54754447937012,17.33424663543701,-16.661666870117188,4.962344646453857,-20.83793067932129,6.096659183502197,-18.04794692993164,6.275242805480957,-55.54754447937012,17.33424663543701,0.0,55.54754447937012
60,1.0,feeder2_line1,-19.316036224365234,-21.141355514526367,-20.06942367553711,4.298512935638428,5.498762607574463,3.485546350479126,79.70148468017578,87.99270629882812,82.0307388305664,-60.52681541442871,13.282821893692017,-19.316036224365234,4.298512935638428,-21.141355514526367,5.498762607574463,-20.06942367553711,3.485546350479126,-60.52681541442871,13.282821893692017,0.0,60.52681541442871
90,1.5,feeder2_line1,-19.563108444213867,-21.087648391723633,-21.845870971679688,2.4906938076019287,4.049250602722168,2.730189323425293,79.40780639648438,86.47665405273438,88.64351654052734,-62.49662780761719,9.27013373374939,-19.563108444213867,2.4906938076019287,-21.087648391723633,4.049250602722168,-21.845870971679688,2.730189323425293,-62.49662780761719,9.27013373374939,0.0,62.49662780761719
120,2.0,feeder2_line1,-18.853530883789062,-21.63890838623047,-19.800891876220703,6.967257976531982,6.396661758422852,9.030034065246582,80.98777770996094,90.9024429321289,87.7120590209961,-60.293331146240234,22.393953800201416,-18.853530883789062,6.967257976531982,-21.63890838623047,6.396661758422852,-19.800891876220703,9.030034065246582,-60.293331146240234,22.393953800201416,0.0,60.293331146240234
150,2.5,feeder2_line1,-19.548877716064453,-21.98594856262207,-21.628896713256836,4.017047882080078,4.103065013885498,4.505820274353027,80.3773193359375,90.0692367553711,88.97911834716797,-63.16372299194336,12.625933170318604,-19.548877716064453,4.017047882080078,-21.98594856262207,4.103065013885498,-21.628896713256836,4.505820274353027,-63.16372299194336,12.625933170318604,0.0,63.16372299194336
180,3.0,feeder2_line1,-19.42783546447754,-21.072036743164062,-22.108150482177734,3.838876247406006,5.206681728363037,3.476259708404541,79.75593566894531,87.42932891845703,90.11795806884766,-62.608022689819336,12.521817684173584,-19.42783546447754,3.838876247406006,-21.072036743164062,5.206681728363037,-22.108150482177734,3.476259708404541,-62.608022689819336,12.521817684173584,0.0,62.608022689819336
210,3.5,feeder2_line1,-19.209583282470703,-20.536901473999023,-20.484615325927734,2.014699935913086,3.8212928771972656,3.7543723583221436,77.76831817626953,84.12564086914062,83.86897277832031,-60.23110008239746,9.590365171432495,-19.209583282470703,2.014699935913086,-20.536901473999023,3.8212928771972656,-20.484615325927734,3.7543723583221436,-60.23110008239746,9.590365171432495,0.0,60.23110008239746
240,4.0,feeder2_line1,4.187232494354248,3.1061177253723145,3.176793098449707,24.372575759887695,26.19245719909668,26.194185256958008,99.9851303100586,106.66586303710938,106.70714569091797,10.47014331817627,76.75921821594238,4.187232494354248,24.372575759887695,3.1061177253723145,26.19245719909668,3.176793098449707,26.194185256958008,10.47014331817627,76.75921821594238,10.47014331817627,0.0
270,4.5,feeder2_line1,2.483159065246582,0.2733544707298279,-1.1053659915924072,25.272193908691406,25.77244758605957,23.677093505859375,102.67781066894531,104.21332550048828,95.80476379394531,1.6511475443840027,74.72173500061035,2.483159065246582,25.272193908691406,0.2733544707298279,25.77244758605957,-1.1053659915924072,23.677093505859375,1.6511475443840027,74.72173500061035,1.6511475443840027,0.0
300,5.0,feeder2_line1,-1.6120723485946655,-4.340606689453125,-4.002204418182373,24.854642868041992,24.528038024902344,24.750869750976562,100.68675994873047,100.68075561523438,101.34508514404297,-9.954883456230164,74.1335506439209,-1.6120723485946655,24.854642868041992,-4.340606689453125,24.528038024902344,-4.002204418182373,24.750869750976562,-9.954883456230164,74.1335506439209,0.0,9.954883456230164
330,5.5,feeder2_line1,0.34160134196281433,-1.331315279006958,-1.3467490673065186,24.94312286376953,26.04517364501953,25.832965850830078,100.85154724121094,105.44554138183594,104.58853912353516,-2.3364630043506622,76.82126235961914,0.34160134196281433,24.94312286376953,-1.331315279006958,26.04517364501953,-1.3467490673065186,25.832965850830078,-2.3364630043506622,76.82126235961914,0.0,2.3364630043506622
360,6.0,feeder2_line1,-7.983259677886963,-6.614212512969971,-3.3656811714172363,22.899709701538086,24.555130004882812,23.424304962158203,97.98509216308594,102.77899932861328,95.6393814086914,-17.96315336227417,70.8791446685791,-7.983259677886963,22.899709701538086,-6.614212512969971,24.555130004882812,-3.3656811714172363,23.424304962158203,-17.96315336227417,70.8791446685791,0.0,17.96315336227417
390,6.5,feeder2_line1,-14.553760528564453,-18.739553451538086,-19.238985061645508,12.771732330322266,13.519644737243652,12.883222579956055,78.0986557006836,93.19659423828125,93.37481689453125,-52.53229904174805,39.17459964752197,-14.553760528564453,12.771732330322266,-18.739553451538086,13.519644737243652,-19.238985061645508,12.883222579956055,-52.53229904174805,39.17459964752197,0.0,52.53229904174805
420,7.0,feeder2_line1,-16.050832748413086,-19.119489669799805,-21.376480102539062,7.787415981292725,8.290853500366211,6.8663330078125,71.89969635009766,83.98489379882812,90.45679473876953,-56.54680252075195,22.944602489471436,-16.050832748413086,7.787415981292725,-19.119489669799805,8.290853500366211,-21.376480102539062,6.8663330078125,-56.54680252075195,22.944602489471436,0.0,56.54680252075195
450,7.5,feeder2_line1,-19.952627182006836,-19.64604949951172,-12.841440200805664,6.359188556671143,7.8930840492248535,7.2100653648376465,84.3686752319336,85.31880187988281,59.35531234741211,-52.44011688232422,21.462337970733643,-19.952627182006836,6.359188556671143,-19.64604949951172,7.8930840492248535,-12.841440200805664,7.2100653648376465,-52.44011688232422,21.462337970733643,0.0,52.44011688232422
480,8.0,feeder2_line1,-15.490283966064453,-16.551315307617188,-6.838164806365967,4.167698860168457,5.528276443481445,6.506723880767822,64.6162109375,70.30311584472656,38.0477180480957,-38.87976408004761,16.202699184417725,-15.490283966064453,4.167698860168457,-16.551315307617188,5.528276443481445,-6.838164806365967,6.506723880767822,-38.87976408004761,16.202699184417725,0.0,38.87976408004761
510,8.5,feeder2_line1,-15.783747673034668,-18.387054443359375,-13.400416374206543,2.8502073287963867,3.024369478225708,2.8825466632843018,64.594482421875,75.04047393798828,55.20755386352539,-47.571218490600586,8.757123470306396,-15.783747673034668,2.8502073287963867,-18.387054443359375,3.024369478225708,-13.400416374206543,2.8825466632843018,-47.571218490600586,8.757123470306396,0.0,47.571218490600586
540,9.0,feeder2_line1,-12.347991943359375,-10.13808822631836,-12.361061096191406,3.314260244369507,3.955247402191162,4.187069892883301,51.499671936035156,43.84299850463867,52.57749557495117,-34.84714126586914,11.45657753944397,-12.347991943359375,3.314260244369507,-10.13808822631836,3.955247402191162,-12.361061096191406,4.187069892883301,-34.84714126586914,11.45657753944397,0.0,34.84714126586914
570,9.5,feeder2_line1,-12.94226360321045,-6.839582920074463,-7.782543182373047,8.061355590820312,11.486862182617188,7.741443634033203,61.460304260253906,53.9272575378418,44.25352096557617,-27.56438970565796,27.289661407470703,-12.94226360321045,8.061355590820312,-6.839582920074463,11.486862182617188,-7.782543182373047,7.741443634033203,-27.56438970565796,27.289661407470703,0.0,27.56438970565796
600,10.0,feeder2_line1,-12.19795036315918,-11.567177772521973,-1.2990248203277588,8.58728313446045,10.355743408203125,9.812007904052734,60.13620376586914,62.604957580566406,39.92330551147461,-25.06415295600891,28.75503444671631,-12.19795036315918,8.58728313446045,-11.567177772521973,10.355743408203125,-1.2990248203277588,9.812007904052734,-25.06415295600891,28.75503444671631,0.0,25.06415295600891
630,10.5,feeder2_line1,-6.935386657714844,-8.455509185791016,-10.032666206359863,1.426374077796936,1.702229380607605,1.216043472290039,28.519166946411133,34.739986419677734,40.699581146240234,-25.423562049865723,4.34464693069458,-6.935386657714844,1.426374077796936,-8.455509185791016,1.702229380607605,-10.032666206359863,1.216043472290039,-25.423562049865723,4.34464693069458,0.0,25.423562049865723
660,11.0,feeder2_line1,-0.2079591304063797,-6.175253391265869,-10.882444381713867,2.875042676925659,1.8136991262435913,2.102423906326294,11.615796089172363,25.92561912536621,44.6408805847168,-17.265656903386116,6.791165709495544,-0.2079591304063797,2.875042676925659,-6.175253391265869,1.8136991262435913,-10.882444381713867,2.102423906326294,-17.265656903386116,6.791165709495544,0.0,17.265656903386116
690,11.5,feeder2_line1,-12.155230522155762,-11.207375526428223,-14.855517387390137,1.3983289003372192,3.358790874481201,2.540928602218628,49.27219009399414,47.13075256347656,60.696292877197266,-38.21812343597412,7.298048377037048,-12.155230522155762,1.3983289003372192,-11.207375526428223,3.358790874481201,-14.855517387390137,2.540928602218628,-38.21812343597412,7.298048377037048,0.0,38.21812343597412
720,12.0,feeder2_line1,-15.05815315246582,-15.64777946472168,-17.464393615722656,2.4427764415740967,2.822232246398926,1.991862177848816,61.434959411621094,64.03565216064453,70.77759552001953,-48.170326232910156,7.256870865821838,-15.05815315246582,2.4427764415740967,-15.64777946472168,2.822232246398926,-17.464393615722656,1.991862177848816,-48.170326232910156,7.256870865821838,0.0,48.170326232910156
750,12.5,feeder2_line1,-10.46640682220459,-16.935487747192383,-18.27744483947754,3.783200979232788,4.324748992919922,5.962856292724609,44.8358268737793,70.40576934814453,77.4556655883789,-45.67933940887451,14.07080626487732,-10.46640682220459,3.783200979232788,-16.935487747192383,4.324748992919922,-18.27744483947754,5.962856292724609,-45.67933940887451,14.07080626487732,0.0,45.67933940887451
780,13.0,feeder2_line1,-5.15287446975708,0.02665054425597191,-6.593122959136963,13.880775451660156,16.43464469909668,14.22244644165039,59.75035858154297,66.35921478271484,63.2608757019043,-11.719346884638071,44.53786659240723,-5.15287446975708,13.880775451660156,0.02665054425597191,16.43464469909668,-6.593122959136963,14.22244644165039,-11.719346884638071,44.53786659240723,0.0,11.719346884638071
810,13.5,feeder2_line1,-11.083405494689941,-2.9823427200317383,-15.960613250732422,10.20532512664795,10.008061408996582,8.626545906066895,60.75267028808594,42.12158966064453,73.12813568115234,-30.0263614654541,28.839932441711426,-11.083405494689941,10.20532512664795,-2.9823427200317383,10.008061408996582,-15.960613250732422,8.626545906066895,-30.0263614654541,28.839932441711426,0.0,30.0263614654541
840,14.0,feeder2_line1,-4.476437568664551,-7.002105236053467,-14.917390823364258,8.387611389160156,8.757012367248535,9.052495956420898,38.336669921875,45.20937728881836,70.34004974365234,-26.395933628082275,26.19711971282959,-4.476437568664551,8.387611389160156,-7.002105236053467,8.757012367248535,-14.917390823364258,9.052495956420898,-26.395933628082275,26.19711971282959,0.0,26.395933628082275
870,14.5,feeder2_line1,-4.269729137420654,-8.245498657226562,-16.927812576293945,12.420801162719727,12.315604209899902,12.076584815979004,52.992794036865234,59.788822174072266,83.8545150756836,-29.443040370941162,36.81299018859863,-4.269729137420654,12.420801162719727,-8.245498657226562,12.315604209899902,-16.927812576293945,12.076584815979004,-29.443040370941162,36.81299018859863,0.0,29.443040370941162
900,15.0,feeder2_line1,-7.197488784790039,-9.921122550964355,-14.209429740905762,1.687849998474121,4.056028842926025,2.581329584121704,29.777496337890625,43.182830810546875,58.163814544677734,-31.328041076660156,8.32520842552185,-7.197488784790039,1.687849998474121,-9.921122550964355,4.056028842926025,-14.209429740905762,2.581329584121704,-31.328041076660156,8.32520842552185,0.0,31.328041076660156
930,15.5,feeder2_line1,-12.748498916625977,-16.013004302978516,-16.913917541503906,2.178093910217285,1.9556034803390503,2.135066509246826,52.08715057373047,64.95977783203125,68.64846801757812,-45.6754207611084,6.268763899803162,-12.748498916625977,2.178093910217285,-16.013004302978516,1.9556034803390503,-16.913917541503906,2.135066509246826,-45.6754207611084,6.268763899803162,0.0,45.6754207611084
960,16.0,feeder2_line1,-3.7863357067108154,-1.9810024499893188,-14.33670425415039,7.222227096557617,9.353126525878906,7.790762424468994,32.87688446044922,38.56035232543945,65.76416015625,-20.104042410850525,24.366116046905518,-3.7863357067108154,7.222227096557617,-1.9810024499893188,9.353126525878906,-14.33670425415039,7.790762424468994,-20.104042410850525,24.366116046905518,0.0,20.104042410850525
990,16.5,feeder2_line1,-2.7553327083587646,-12.413158416748047,-11.869303703308105,5.952093601226807,6.6919355392456055,7.7666192054748535,26.43975067138672,56.83281326293945,57.175262451171875,-27.037794828414917,20.410648345947266,-2.7553327083587646,5.952093601226807,-12.413158416748047,6.6919355392456055,-11.869303703308105,7.7666192054748535,-27.037794828414917,20.410648345947266,0.0,27.037794828414917
1020,17.0,feeder2_line1,0.38835498690605164,-6.631415367126465,-0.36701884865760803,1.8372834920883179,3.876105308532715,3.045914649963379,7.566288471221924,30.949682235717773,12.363107681274414,-6.610079228878021,8.759303450584412,0.38835498690605164,1.8372834920883179,-6.631415367126465,3.876105308532715,-0.36701884865760803,3.045914649963379,-6.610079228878021,8.759303450584412,0.0,6.610079228878021
1050,17.5,feeder2_line1,5.220037460327148,4.078688144683838,-5.970284461975098,12.833283424377441,14.26396656036377,14.21338176727295,55.92166519165039,59.89276885986328,62.21320343017578,3.3284411430358887,41.31063175201416,5.220037460327148,12.833283424377441,4.078688144683838,14.26396656036377,-5.970284461975098,14.21338176727295,3.3284411430358887,41.31063175201416,3.3284411430358887,0.0
1080,18.0,feeder2_line1,8.092498779296875,-11.081300735473633,-13.54336166381836,7.91055965423584,7.514118194580078,7.222535133361816,45.65034484863281,53.96701431274414,61.85971450805664,-16.532163619995117,22.647212982177734,8.092498779296875,7.91055965423584,-11.081300735473633,7.514118194580078,-13.54336166381836,7.222535133361816,-16.532163619995117,22.647212982177734,0.0,16.532163619995117
1110,18.5,feeder2_line1,2.7689404487609863,-1.2482779026031494,-6.311274528503418,0.8979635238647461,4.075960636138916,2.5510759353637695,11.727959632873535,17.180198669433594,27.423980712890625,-4.790611982345581,7.525000095367432,2.7689404487609863,0.8979635238647461,-1.2482779026031494,4.075960636138916,-6.311274528503418,2.5510759353637695,-4.790611982345581,7.525000095367432,0.0,4.790611982345581
1140,19.0,feeder2_line1,2.108734130859375,3.942631959915161,5.3572096824646,20.53702163696289,22.217578887939453,20.722394943237305,83.4165267944336,91.2020263671875,86.49496459960938,11.408575773239136,63.47699546813965,2.108734130859375,20.53702163696289,3.942631959915161,22.217578887939453,5.3572096824646,20.722394943237305,11.408575773239136,63.47699546813965,11.408575773239136,0.0
1170,19.5,feeder2_line1,10.777763366699219,3.593362808227539,10.783143043518066,25.040491104125977,23.286701202392578,26.000337600708008,110.26000213623047,95.24803161621094,113.86074829101562,25.154269218444824,74.32752990722656,10.777763366699219,25.040491104125977,3.593362808227539,23.286701202392578,10.783143043518066,26.000337600708008,25.154269218444824,74.32752990722656,25.154269218444824,0.0
1200,20.0,feeder2_line1,15.952666282653809,19.984844207763672,22.368247985839844,24.753881454467773,25.268579483032227,25.5140380859375,119.12600708007812,130.35064697265625,137.3052215576172,58.305758476257324,75.5364990234375,15.952666282653809,24.753881454467773,19.984844207763672,25.268579483032227,22.368247985839844,25.5140380859375,58.305758476257324,75.5364990234375,58.305758476257324,0.0
1230,20.5,feeder2_line1,13.802294731140137,20.32830238342285,16.759960174560547,24.924423217773438,25.99080467224121,25.340099334716797,115.2437973022461,133.52268981933594,122.91143798828125,50.890557289123535,76.25532722473145,13.802294731140137,24.924423217773438,20.32830238342285,25.99080467224121,16.759960174560547,25.340099334716797,50.890557289123535,76.25532722473145,50.890557289123535,0.0
1260,21.0,feeder2_line1,-11.568086624145508,-12.247011184692383,-13.12584400177002,1.062637448310852,1.5623763799667358,1.6841518878936768,46.77977752685547,49.719688415527344,53.291664123535156,-36.94094181060791,4.309165716171265,-11.568086624145508,1.062637448310852,-12.247011184692383,1.5623763799667358,-13.12584400177002,1.6841518878936768,-36.94094181060791,4.309165716171265,0.0,36.94094181060791
1290,21.5,feeder2_line1,-7.886627197265625,-4.387504577636719,-11.941312789916992,2.7007155418395996,3.3926074504852295,2.4789676666259766,33.5819091796875,22.347524642944336,49.12133026123047,-24.215444564819336,8.572290658950806,-7.886627197265625,2.7007155418395996,-4.387504577636719,3.3926074504852295,-11.941312789916992,2.4789676666259766,-24.215444564819336,8.572290658950806,0.0,24.215444564819336
1320,22.0,feeder2_line1,-7.82021427154541,-11.187780380249023,-12.078374862670898,0.28317585587501526,3.7070674896240234,1.8191624879837036,31.512752532958984,47.48003005981445,49.191612243652344,-31.086369514465332,5.809405833482742,-7.82021427154541,0.28317585587501526,-11.187780380249023,3.7070674896240234,-12.078374862670898,1.8191624879837036,-31.086369514465332,5.809405833482742,0.0,31.086369514465332
1350,22.5,feeder2_line1,-11.955916404724121,-12.230926513671875,-12.584041595458984,1.4462026357650757,1.0121099948883057,1.3640167713165283,48.49836730957031,49.41960525512695,50.971946716308594,-36.77088451385498,3.8223294019699097,-11.955916404724121,1.4462026357650757,-12.230926513671875,1.0121099948883057,-12.584041595458984,1.3640167713165283,-36.77088451385498,3.8223294019699097,0.0,36.77088451385498
1380,23.0,feeder2_line1,-14.33071231842041,-7.960371971130371,-11.961348533630371,3.717730760574341,3.4530386924743652,2.8058693408966064,59.63582229614258,34.958580017089844,49.486671447753906,-34.25243282318115,9.976638793945312,-14.33071231842041,3.717730760574341,-7.960371971130371,3.4530386924743652,-11.961348533630371,2.8058693408966064,-34.25243282318115,9.976638793945312,0.0,34.25243282318115
1410,23.5,feeder2_line1,-13.002935409545898,-17.486316680908203,-14.60795783996582,2.201307535171509,3.6340644359588623,2.96757173538208,53.11271286010742,71.931640625,60.03642654418945,-45.09720993041992,8.802943706512451,-13.002935409545898,2.201307535171509,-17.486316680908203,3.6340644359588623,-14.60795783996582,2.96757173538208,-45.09720993041992,8.802943706512451,0.0,45.09720993041992
1440,24.0,feeder2_line1,-13.643579483032227,-17.127779006958008,-13.417708396911621,2.2912752628326416,3.748965263366699,2.0066888332366943,55.716556549072266,70.6180648803711,54.6366081237793,-44.189066886901855,8.046929359436035,-13.643579483032227,2.2912752628326416,-17.127779006958008,3.748965263366699,-13.417708396911621,2.0066888332366943,-44.189066886901855,8.046929359436035,0.0,44.189066886901855
