Stage,Time_sample,Time_h,PV_available_kW,PV_command_kW,PV_curtailment_kW,SOC_pu,BESS_P_ch_A_kW,BESS_P_dis_A_kW,BESS_P_net_A_kW,BESS_Q_A_kvar,BESS_P_ch_B_kW,BESS_P_dis_B_kW,BESS_P_net_B_kW,BESS_Q_B_kvar,BESS_P_ch_C_kW,BESS_P_dis_C_kW,BESS_P_net_C_kW,BESS_Q_C_kvar,BESS_P_ch_total_kW,BESS_P_dis_total_kW,BESS_P_net_total_kW,BESS_Q_total_kvar,PV_curtailment_energy_kWh,PV_interval_curtailment_fraction,Feeder_nominal_P_demand_kW,PV_surplus_interval,BESS_net_discharge_kW,Gate_violation,Night_interval,Daytime_interval,Night_gate_max_phase_discharge_kW,Night_gate_allowed_day_discharge_kW,Night_gate_violation
One-stage weighted objective,30,0.5,0.0,-3.0050186043677754e-19,3.0050186043677754e-19,0.4999999999999998,5.611860187654187e-06,24.749156926814663,24.749151314954478,-3.2163592374986263,5.611860187654187e-06,24.749156926814663,24.749151314954478,-3.2163592374986263,5.611860187654187e-06,24.749156926814663,24.749151314954478,-3.2163592374986263,1.6835580562962563e-05,74.24747078044398,74.24745394486344,-9.649077712495881,1.5025093021838877e-19,,15.664,False,74.24745394486341,False,True,False,24.749156926814663,3.0050186043677754e-19,False
One-stage weighted objective,60,1.0,0.0,-3.0205818440134393e-19,3.0205818440134393e-19,0.4587514126979866,5.5732994244056586e-06,24.920392270752746,24.92038669745332,-2.355218584611255,5.5732994244056586e-06,24.920392270752746,24.92038669745332,-2.355218584611255,5.5732994244056586e-06,24.920392270752746,24.92038669745332,-2.355218584611255,1.6719898273216972e-05,74.76117681225823,74.76116009235996,-7.065655753833766,1.5102909220067196e-19,,11.51,False,74.76116009235996,False,True,False,24.920392270752746,3.0205818440134393e-19,False
One-stage weighted objective,90,1.5,0.0,-3.038466781845076e-19,3.038466781845076e-19,0.41721743310401943,5.534002667372194e-06,25.097350993825305,25.097345459822638,-0.5500996640617412,5.534002667372194e-06,25.097350993825305,25.097345459822638,-0.5500996640617412,5.534002667372194e-06,25.097350993825305,25.097345459822638,-0.5500996640617412,1.6602008002116583e-05,75.29205298147592,75.29203637946792,-1.6502989921852234,1.519233390922538e-19,,10.378,False,75.29203637946792,False,True,False,25.097350993825305,3.038466781845076e-19,False
One-stage weighted objective,120,2.0,0.0,-2.9892879349996086e-19,2.9892879349996086e-19,0.37538852225188085,5.64868456823578e-06,24.58781460781663,24.58780895913206,-4.612213947492283,5.64868456823578e-06,24.58781460781663,24.58780895913206,-4.612213947492283,5.64868456823578e-06,24.58781460781663,24.58780895913206,-4.612213947492283,1.694605370470734e-05,73.76344382344988,73.76342687739618,-13.83664184247685,1.4946439674998043e-19,,11.028,False,73.76342687739617,False,True,False,24.58781460781663,2.9892879349996086e-19,False
One-stage weighted objective,150,2.5,0.0,-3.0293509739254963e-19,3.0293509739254963e-19,0.334408838864578,5.553918179957368e-06,25.0073557307816,25.00735017686342,-2.1312324657567077,5.553918179957368e-06,25.0073557307816,25.00735017686342,-2.1312324657567077,5.553918179957368e-06,25.0073557307816,25.00735017686342,-2.1312324657567077,1.6661754539872107e-05,75.0220671923448,75.02205053059026,-6.393697397270124,1.5146754869627482e-19,,9.438,False,75.02205053059026,False,True,False,25.0073557307816,3.0293509739254963e-19,False
One-stage weighted objective,180,3.0,0.0,-3.030103816578763e-19,3.030103816578763e-19,0.29272992014439825,5.552067795953485e-06,25.015690136340524,25.015684584272726,-1.81911028341337,5.552067795953485e-06,25.015690136340524,25.015684584272726,-1.81911028341337,5.552067795953485e-06,25.015690136340524,25.015684584272726,-1.81911028341337,1.6656203387860452e-05,75.04707040902157,75.04705375281817,-5.45733085024011,1.5150519082893815e-19,,10.008,False,75.04705375281819,False,True,False,25.015690136340524,3.030103816578763e-19,False
One-stage weighted objective,210,3.5,0.0,-3.0389579302507334e-19,3.0389579302507334e-19,0.25103711074578755,5.532726435733188e-06,25.10314018573799,25.103134653011555,0.44035224868080325,5.532726435733188e-06,25.10314018573799,25.103134653011555,0.44035224868080325,5.532726435733188e-06,25.10314018573799,25.103134653011555,0.44035224868080325,1.6598179307199567e-05,75.30942055721398,75.30940395903467,1.3210567460424096,1.5194789651253667e-19,,12.638,False,75.30940395903468,False,True,False,25.10314018573799,3.0389579302507334e-19,False
One-stage weighted objective,240,4.0,0.8028310228511782,-9.643866564665789e-12,0.8028310228608221,0.20919855123873826,-9.113145399735229e-12,0.80283103088842,0.8028310308975332,-23.075829250493655,-9.113145399735229e-12,0.80283103088842,0.8028310308975332,-23.075829250493655,-9.113145399735229e-12,0.80283103088842,0.8028310308975332,-23.075829250493655,-2.733943619920569e-11,2.40849309266526,2.4084930926925994,-69.22748775148096,0.40141551143041104,1.0000000000120124,10.408,False,2.4084930926925994,False,False,True,0.80283103088842,0.8028310228608221,False
One-stage weighted objective,270,4.5,3.34813146317036,-9.643864953080526e-12,3.3481314631800037,0.20786049952057828,-9.132635450385529e-12,3.3481314966606064,3.348131496669739,-22.930053016195547,-9.132635450385529e-12,3.3481314966606064,3.348131496669739,-22.930053016195547,-9.132635450385529e-12,3.3481314966606064,3.348131496669739,-22.930053016195547,-2.7397906351156588e-11,10.04439448998182,10.044394490009218,-68.79015904858664,1.6740657315900018,1.0000000000028804,9.298,False,10.044394490009218,False,False,True,3.3481314966606064,3.3481314631800037,False
One-stage weighted objective,300,5.0,7.6124904720528,-9.643864644657454e-12,7.612490472062444,0.20228028035946494,-9.162298889023621e-12,7.612490548186635,7.612490548195797,-22.18058040635742,-9.162298889023621e-12,7.612490548186635,7.612490548195797,-22.18058040635742,-9.162298889023621e-12,7.612490548186635,7.612490548195797,-22.18058040635742,-2.7486896667070866e-11,22.837471644559905,22.837471644587392,-66.54174121907226,3.806245236031222,1.0000000000012668,10.438,False,22.837471644587392,False,False,True,7.612490548186635,7.612490472062444,False
One-stage weighted objective,330,5.5,16.21467298000961,16.21467308000359,0.0,0.1895927961124749,6.819876163056573e-13,3.6961032173659245e-12,3.014115601060267e-12,-22.627266606226836,6.819876163056573e-13,3.6961032173659245e-12,3.014115601060267e-12,-22.627266606226836,6.819876163056573e-13,3.6961032173659245e-12,3.014115601060267e-12,-22.627266606226836,2.045962848916972e-12,1.1088309652097773e-11,9.042346803180801e-12,-67.8817998186805,0.0,0.0,11.388,True,9.0423468031808e-12,False,False,True,3.6961032173659245e-12,0.0,False
One-stage weighted objective,360,6.0,32.04062632992235,32.04062642991632,0.0,0.18959279611246965,6.819551964502616e-13,3.696071326005724e-12,3.0141161295554632e-12,-21.205657564177894,6.819551964502616e-13,3.696071326005724e-12,3.0141161295554632e-12,-21.205657564177894,6.819551964502616e-13,3.696071326005724e-12,3.0141161295554632e-12,-21.205657564177894,2.045865589350785e-12,1.1088213978017175e-11,9.042348388666388e-12,-63.616972692533686,0.0,0.0,11.461,True,9.04234838866639e-12,False,False,True,3.696071326005724e-12,0.0,False
One-stage weighted objective,390,6.5,67.54117105030791,67.54117115030189,0.0,0.1895927961124644,6.804864945020627e-13,3.6946045072913945e-12,3.0141180127893316e-12,-10.424435854283484,6.804864945020627e-13,3.6946045072913945e-12,3.0141180127893316e-12,-10.424435854283484,6.804864945020627e-13,3.6946045072913945e-12,3.0141180127893316e-12,-10.424435854283484,2.041459483506188e-12,1.1083813521874182e-11,9.042354038367994e-12,-31.27330756285045,0.0,0.0,12.3234,True,9.042354038367994e-12,False,False,True,3.6946045072913945e-12,0.0,False
One-stage weighted objective,420,7.0,81.2359820112237,81.23593010081699,5.191040670615621e-05,0.1895927961124592,2.6704060611067564,5.20103953473426e-05,-2.670354050711409,-5.492574285450829,2.6704060611067564,5.20103953473426e-05,-2.670354050711409,-5.492574285450829,2.6704060611067564,5.20103953473426e-05,-2.670354050711409,-5.492574285450829,8.011218183320269,0.0001560311860420278,-8.011062152134228,-16.47772285635249,2.5955203353078105e-05,6.390075607011703e-07,13.8002,True,-8.011062152134226,False,False,True,5.20103953473426e-05,5.191040670615621e-05,False
One-stage weighted objective,450,7.5,139.78309169335256,139.78308553738313,6.155969429528341e-06,0.19319775761096095,22.201033326163376,6.2559600385892105e-06,-22.201027070203338,-4.7135650737342605,22.201033326163376,6.2559600385892105e-06,-22.201027070203338,-4.7135650737342605,22.201033326163376,6.2559600385892105e-06,-22.201027070203338,-4.7135650737342605,66.60309997849012,1.876788011576763e-05,-66.60308121061001,-14.140695221202781,3.0779847147641705e-06,4.403944250305268e-08,17.562099999999997,True,-66.60308121061,False,False,True,6.2559600385892105e-06,6.155969429528341e-06,False
One-stage weighted objective,480,8.0,137.80699617541745,137.806989761924,6.4134934509638695e-06,0.22316914217468145,21.323270533023535,6.513484010750459e-06,-21.323264019539526,-2.2851002692012012,21.323270533023535,6.513484010750459e-06,-21.323264019539526,-2.2851002692012012,21.323270533023535,6.513484010750459e-06,-21.323264019539526,-2.2851002692012012,63.96981159907062,1.9540452032251378e-05,-63.96979205861858,-6.855300807603604,3.2067467254819348e-06,4.653967961684614e-08,30.5205,True,-63.96979205861859,False,False,True,6.513484010750459e-06,6.4134934509638695e-06,False
One-stage weighted objective,510,8.5,157.78637576376747,157.78637083425392,4.929513554088771e-06,0.25195554653845637,27.614798631464733,5.029504373087362e-06,-27.61479360196036,-0.3182627416520135,27.614798631464733,5.029504373087362e-06,-27.61479360196036,-0.3182627416520135,27.614798631464733,5.029504373087362e-06,-27.61479360196036,-0.3182627416520135,82.8443958943942,1.5088513119262087e-05,-82.84438080588109,-0.9547882249560405,2.4647567770443857e-06,3.1241693271851784e-08,23.3315,True,-82.84438080588107,False,False,True,5.029504373087362e-06,4.929513554088771e-06,False
One-stage weighted objective,540,9.0,172.4434812296132,172.44347705796145,4.171651758952067e-06,0.2892355163084265,32.51412532481245,4.271642705376502e-06,-32.51412105316974,-0.5539047073368525,32.51412532481245,4.271642705376502e-06,-32.51412105316974,-0.5539047073368525,32.51412532481245,4.271642705376502e-06,-32.51412105316974,-0.5539047073368525,97.54237597443733,1.2814928116129504e-05,-97.54236315950922,-1.6617141220105578,2.0858258794760333e-06,2.4191414654853772e-08,35.0474,True,-97.54236315950922,False,False,True,4.271642705376502e-06,4.171651758952067e-06,False
One-stage weighted objective,570,9.5,185.00628302110874,185.00627942190377,3.599204967031255e-06,0.33312957837751983,37.54564550047463,3.699195988962216e-06,-37.54564180127864,-5.441920324922957,37.54564550047463,3.699195988962216e-06,-37.54564180127864,-5.441920324922957,37.54564550047463,3.699195988962216e-06,-37.54564180127864,-5.441920324922957,112.63693650142388,1.1097587966886647e-05,-112.63692540383592,-16.32576097476887,1.7996024835156276e-06,1.9454501264806207e-08,39.471199999999996,True,-112.6369254038359,False,False,True,3.699195988962216e-06,3.599204967031255e-06,False
One-stage weighted objective,600,10.0,119.41607162306806,119.41606328603365,8.337034421856516e-06,0.3838161936378339,16.461823059580613,8.437024593229897e-06,-16.46181462255602,-7.148131619283448,16.461823059580613,8.437024593229897e-06,-16.46181462255602,-7.148131619283448,16.461823059580613,8.437024593229897e-06,-16.46181462255602,-7.148131619283448,49.38546917874184,2.5311073779689693e-05,-49.38544386766806,-21.44439485785034,4.168517210928258e-06,6.981501156872773e-08,39.494699999999995,True,-49.385443867668066,False,False,True,8.437024593229897e-06,8.337034421856516e-06,False
One-stage weighted objective,630,10.5,229.74574207171457,229.7457394786857,2.593028882984072e-06,0.4060396407065601,51.57355828798489,2.6930200973732364e-06,-51.57355559496479,0.44355145000557855,51.57355828798489,2.6930200973732364e-06,-51.57355559496479,0.44355145000557855,51.57355828798489,2.6930200973732364e-06,-51.57355559496479,0.44355145000557855,154.72067486395466,8.07906029211971e-06,-154.72066678489435,1.3306543500167356,1.296514441492036e-06,1.1286515517552723e-08,42.915699999999994,True,-154.72066678489438,False,False,True,2.6930200973732364e-06,2.593028882984072e-06,False
One-stage weighted objective,660,11.0,235.99030875364213,235.99030627508156,2.478560578310862e-06,0.47566393990697287,53.86303145125928,2.578551799523121e-06,-53.86302887270748,0.4388570332014971,53.86303145125928,2.578551799523121e-06,-53.86302887270748,0.4388570332014971,53.86303145125928,2.578551799523121e-06,-53.86302887270748,0.4388570332014971,161.58909435377785,7.735655398569363e-06,-161.58908661812245,1.3165710996044913,1.239280289155431e-06,1.0502806625412366e-08,50.0505,True,-161.58908661812245,False,False,True,2.578551799523121e-06,2.478560578310862e-06,False
One-stage weighted objective,690,11.5,232.58844417352725,232.5884416340147,2.5395125267095865e-06,0.5483790280685854,52.61921817125968,2.639503744051657e-06,-52.619215531755934,0.4451653398312276,52.61921817125968,2.639503744051657e-06,-52.619215531755934,0.4451653398312276,52.61921817125968,2.639503744051657e-06,-52.619215531755934,0.4451653398312276,157.85765451377904,7.918511232154972e-06,-157.85764659526782,1.3354960194936827,1.2697562633547933e-06,1.0918481078169698e-08,32.4315,True,-157.8576465952678,False,False,True,2.639503744051657e-06,2.5395125267095865e-06,False
One-stage weighted objective,720,12.0,137.66254700039707,137.6625404312531,6.569143966771662e-06,0.619414968200613,20.825608523692722,6.669134493536634e-06,-20.825601854558226,0.44801038481910804,20.825608523692722,6.669134493536634e-06,-20.825601854558226,0.44801038481910804,20.825608523692722,6.669134493536634e-06,-20.825601854558226,0.44801038481910804,62.476825571078166,2.0007403480609902e-05,-62.47680556367468,1.3440311544573242,3.284571983385831e-06,4.771918077872491e-08,23.403,True,-62.47680556367469,False,False,True,6.669134493536634e-06,6.569143966771662e-06,False
One-stage weighted objective,750,12.5,86.5071933071255,86.50715907256314,3.423456236487254e-05,0.6475295285923744,4.045163365087782,3.4334551065422786e-05,-4.0451290305367165,-1.7666806144035496,4.045163365087782,3.4334551065422786e-05,-4.0451290305367165,-1.7666806144035496,4.045163365087782,3.4334551065422786e-05,-4.0451290305367165,-1.7666806144035496,12.135490095263346,0.00010300365319626834,-12.13538709161015,-5.300041843210649,1.711728118243627e-05,3.957423776694496e-07,25.086,True,-12.13538709161015,False,False,True,3.4334551065422786e-05,3.423456236487254e-05,False
One-stage weighted objective,780,13.0,63.43607803724001,63.436078137233984,0.0,0.6529904419109912,6.817186170160833e-13,3.6958371303538176e-12,3.0141185133377345e-12,-12.05397251767204,6.817186170160833e-13,3.6958371303538176e-12,3.0141185133377345e-12,-12.05397251767204,6.817186170160833e-13,3.6958371303538176e-12,3.0141185133377345e-12,-12.05397251767204,2.04515585104825e-12,1.1087511391061453e-11,9.042355540013203e-12,-36.161917553016124,0.0,0.0,45.933,True,9.042355540013203e-12,False,False,True,3.6958371303538176e-12,0.0,False
One-stage weighted objective,810,13.5,220.84312489531777,220.84312222098052,2.6743372436612846e-06,0.6529904419109835,50.062074745690715,2.774328425157506e-06,-50.062071971362286,-6.649997850390059,50.062074745690715,2.774328425157506e-06,-50.062071971362286,-6.649997850390059,50.062074745690715,2.774328425157506e-06,-50.062071971362286,-6.649997850390059,150.18622423707214,8.322985275472518e-06,-150.1862159140869,-19.949993551170177,1.3371686218306423e-06,1.2109669453957201e-08,36.0845,True,-150.18621591408686,False,False,True,2.774328425157506e-06,2.6743372436612846e-06,False
One-stage weighted objective,840,14.0,219.0145041579911,219.01450141442433,2.7435667579993607e-06,0.7205742381937853,48.84326110641008,2.843557949840122e-06,-48.84325826285213,-5.561006404905406,48.84326110641008,2.843557949840122e-06,-48.84325826285213,-5.561006404905406,48.84326110641008,2.843557949840122e-06,-48.84325826285213,-5.561006404905406,146.52978331923026,8.530673849520367e-06,-146.52977478855638,-16.683019214716218,1.3717833789996803e-06,1.2526872448685984e-08,41.0365,True,-146.5297747885564,False,False,True,2.843557949840122e-06,2.7435667579993607e-06,False
One-stage weighted objective,870,14.5,209.104784648659,209.10478177975926,2.8688997263088822e-06,0.7865126359481743,46.78132688149083,2.968890868468651e-06,-46.78132391259996,-9.244067910837094,46.78132688149083,2.968890868468651e-06,-46.78132391259996,-9.244067910837094,46.78132688149083,2.968890868468651e-06,-46.78132391259996,-9.244067910837094,140.3439806444725,8.906672605405954e-06,-140.34397173779988,-27.73220373251128,1.4344498631544411e-06,1.3719914305783345e-08,35.203,True,-140.3439717377999,False,False,True,2.968890868468651e-06,2.8688997263088822e-06,False
One-stage weighted objective,900,15.0,169.58967598894523,169.58967168537666,4.3035685666836795e-06,0.8496674222900354,31.540105697375914,4.403559468611407e-06,-31.540101293816445,0.4507400335812239,31.540105697375914,4.403559468611407e-06,-31.540101293816445,0.4507400335812239,31.540105697375914,4.403559468611407e-06,-31.540101293816445,0.4507400335812239,94.62031709212775,1.3210678405834219e-05,-94.62030388144933,1.3522201007436716,2.1517842833418398e-06,2.537635938973201e-08,39.21,True,-94.62030388144935,False,False,True,4.403559468611407e-06,4.3035685666836795e-06,False
One-stage weighted objective,930,15.5,108.38617806758464,108.38616561606364,1.245152100455016e-05,0.8922465576422274,11.065507450110854,1.2551510517645692e-05,-11.065494898600337,0.16436728450572463,11.065507450110854,1.2551510517645692e-05,-11.065494898600337,0.16436728450572463,11.065507450110854,1.2551510517645692e-05,-11.065494898600337,0.16436728450572463,33.196522350332565,3.765453155293708e-05,-33.19648469580101,0.4931018535171739,6.22576050227508e-06,1.1488107825691542e-07,25.9245,True,-33.19648469580101,False,False,True,1.2551510517645692e-05,1.245152100455016e-05,False
One-stage weighted objective,960,16.0,167.97181180257934,167.97180758957987,4.2129994835704564e-06,0.9071849717806929,32.20241982841558,4.312990407193276e-06,-32.202415515425166,-6.136577877734723,32.20241982841558,4.312990407193276e-06,-32.202415515425166,-6.136577877734723,32.20241982841558,4.312990407193276e-06,-32.202415515425166,-6.136577877734723,96.60725948524673,1.2938971221579828e-05,-96.6072465462755,-18.40973363320417,2.1064997417852282e-06,2.5081586239732174e-08,45.25,True,-96.6072465462755,False,False,True,4.312990407193276e-06,4.2129994835704564e-06,False
One-stage weighted objective,990,16.5,124.58044620067777,124.5804380650856,8.135592172038741e-06,0.9506582313607363,16.864478726052894,8.235582388119838e-06,-16.864470490470506,-4.322799135696696,16.864478726052894,8.235582388119838e-06,-16.864470490470506,-4.322799135696696,16.864478726052894,8.235582388119838e-06,-16.864470490470506,-4.322799135696696,50.593436178158676,2.4706747164359514e-05,-50.59341147141152,-12.968397407090091,4.067796086019371e-06,6.53039254565977e-08,41.6925,True,-50.593411471411514,False,False,True,8.235582388119838e-06,8.135592172038741e-06,False
One-stage weighted objective,1020,17.0,58.8676590442051,33.55784974851231,25.309809295692787,0.9734252639149371,1.0169361469830298e-05,13.65757761234655,13.657567442985078,0.4407915179920917,1.0169361469830298e-05,13.65757761234655,13.657567442985078,0.4407915179920917,1.0169361469830298e-05,13.65757761234655,13.657567442985078,0.4407915179920917,3.0508084409490895e-05,40.97273283703965,40.972702328955236,1.3223745539762752,12.654904647846394,0.4299442122658056,60.6611,False,40.97270232895524,False,False,True,13.65757761234655,25.309809295692787,False
One-stage weighted objective,1050,17.5,21.38615526279812,-9.643867340327814e-12,21.386155262807762,0.9506626482896642,-9.195126205315901e-12,21.38615536280705,21.386155362816247,-11.46784070405971,-9.195126205315901e-12,21.38615536280705,21.386155362816247,-11.46784070405971,-9.195126205315901e-12,21.38615536280705,21.386155362816247,-11.46784070405971,-2.7585378615947703e-11,64.15846608842115,64.15846608844873,-34.40352211217913,10.693077631403881,1.0000000000004508,60.3799,False,64.15846608844873,False,False,True,21.38615536280705,21.386155262807762,False
One-stage weighted objective,1080,18.0,35.72629562474032,9.971327071247615,25.754968553492706,0.9150190560183067,6.688920263985708e-06,20.764012050561362,20.7640053616411,-5.187796986082052,6.688920263985708e-06,20.764012050561362,20.7640053616411,-5.187796986082052,6.688920263985708e-06,20.764012050561362,20.7640053616411,-5.187796986082052,2.0066760791957123e-05,62.292036151684094,62.29201608492329,-15.563390958246156,12.877484276746353,0.7208966981636208,50.6114,False,62.292016084923304,False,False,True,20.764012050561362,25.754968553492706,False
One-stage weighted objective,1110,18.5,34.88048921037201,0.891141594967467,33.98934761540454,0.8804123782974136,5.683802440890555e-06,24.435896717056185,24.435891033253746,0.4425180474461386,5.683802440890555e-06,24.435896717056185,24.435891033253746,0.4425180474461386,5.683802440890555e-06,24.435896717056185,24.435891033253746,0.4425180474461386,1.7051407322671665e-05,73.30769015116856,73.30767309976123,1.3275541423384158,16.99467380770227,0.974451574070742,61.787,False,73.30767309976123,False,False,True,24.435896717056185,33.98934761540454,False
One-stage weighted objective,1140,19.0,14.676355200650205,-9.64386479915274e-12,14.676355200659849,0.8396858914421199,-9.183803266845162e-12,14.676355300659138,14.676355300668321,-18.711690604566655,-9.183803266845162e-12,14.676355300659138,14.676355300668321,-18.711690604566655,-9.183803266845162e-12,14.676355300659138,14.676355300668321,-18.711690604566655,-2.7551409800535484e-11,44.02906590197741,44.029065902004966,-56.135071813699966,7.338177600329924,1.000000000000657,49.4985,False,44.029065902004966,False,False,True,14.676355300659138,14.676355200659849,False
One-stage weighted objective,1170,19.5,6.556644238336596,-9.643864442784376e-12,6.556644238346241,0.8152252992743418,-9.156998244350225e-12,6.556644303911971,6.556644303921127,-22.2560199658317,-9.156998244350225e-12,6.556644303911971,6.556644303921127,-22.2560199658317,-9.156998244350225e-12,6.556644303911971,6.556644303921127,-22.2560199658317,-2.7470994733050676e-11,19.669932911735913,19.669932911763382,-66.76805989749509,3.2783221191731204,1.000000000001471,40.435,False,19.669932911763382,False,False,True,6.556644303911971,6.556644238346241,False
One-stage weighted objective,1200,20.0,1.4787101336823925,-9.643865463659979e-12,1.4787101336920363,0.8042975587678095,-9.114051508824131e-12,1.4787101484784253,1.4787101484875393,-22.370009516200316,-9.114051508824131e-12,1.4787101484784253,1.4787101484875393,-22.370009516200316,-9.114051508824131e-12,1.4787101484784253,1.4787101484875393,-22.370009516200316,-2.7342154526472393e-11,4.436130445435276,4.436130445462618,-67.11002854860095,0.7393550668460181,1.000000000006522,56.3995,False,4.436130445462618,False,False,True,1.4787101484784253,1.4787101336920363,False
One-stage weighted objective,1230,20.5,0.5138621598622417,-9.643866771096222e-12,0.5138621598718855,0.8018330418536667,-9.114980972629834e-12,0.5138621650097949,0.5138621650189099,-22.4460533736464,-9.114980972629834e-12,0.5138621650097949,0.5138621650189099,-22.4460533736464,-9.114980972629834e-12,0.5138621650097949,0.5138621650189099,-22.4460533736464,-2.7344942917889503e-11,1.541586495029385,1.5415864950567297,-67.3381601209392,0.2569310799359428,1.0000000000187674,47.399,False,1.54158649505673,False,False,True,0.5138621650097949,0.5138621598718855,False
One-stage weighted objective,1260,21.0,0.0,-3.044254699699671e-19,3.044254699699671e-19,0.8009766049119714,5.541214629553872e-06,25.064686486769745,25.064680945555114,0.44547505175340957,5.541214629553872e-06,25.064686486769745,25.064680945555114,0.44547505175340957,5.541214629553872e-06,25.064686486769745,25.064680945555114,0.44547505175340957,1.6623643888661617e-05,75.19405946030923,75.19404283666535,1.3364251552602286,1.5221273498498356e-19,,34.112,False,75.19404283666535,False,True,False,25.064686486769745,3.044254699699671e-19,False
One-stage weighted objective,1290,21.5,0.0,-3.0044969303448004e-19,3.0044969303448004e-19,0.759202134914662,5.6065537000877755e-06,24.77258148079941,24.77257587424571,0.074112897871026,5.6065537000877755e-06,24.77258148079941,24.77257587424571,0.074112897871026,5.6065537000877755e-06,24.77258148079941,24.77257587424571,0.074112897871026,1.6819661100263325e-05,74.31774444239822,74.31772762273714,0.22233869361307795,1.5022484651724002e-19,,45.046,False,74.31772762273712,False,True,False,24.77258148079941,3.0044969303448004e-19,False
One-stage weighted objective,1320,22.0,0.0,-3.0524884294200436e-19,3.0524884294200436e-19,0.7179145066821772,5.537775726980603e-06,25.080251394073752,25.080245856298024,0.4522215702955207,5.537775726980603e-06,25.080251394073752,25.080245856298024,0.4522215702955207,5.537775726980603e-06,25.080251394073752,25.080245856298024,0.4522215702955207,1.6613327180941812e-05,75.24075418222125,75.24073756889408,1.356664710886562,1.5262442147100218e-19,,39.2842,False,75.24073756889408,False,True,False,25.080251394073752,3.0524884294200436e-19,False
One-stage weighted objective,1350,22.5,0.0,-3.082480251397318e-19,3.082480251397318e-19,0.6761140951680522,5.555327645079336e-06,25.00101101479097,25.001005459463325,0.4456248333120844,5.555327645079336e-06,25.00101101479097,25.001005459463325,0.4456248333120844,5.555327645079336e-06,25.00101101479097,25.001005459463325,0.4456248333120844,1.666598293523801e-05,75.0030330443729,75.00301637838997,1.3368744999362534,1.541240125698659e-19,,34.0765,False,75.00301637838996,False,True,False,25.00101101479097,3.082480251397318e-19,False
One-stage weighted objective,1380,23.0,0.0,-2.9983374624902266e-19,2.9983374624902266e-19,0.6344457509764262,5.620140181985028e-06,24.712694710909577,24.712689090769395,-1.2171257304965013,5.620140181985028e-06,24.712694710909577,24.712689090769395,-1.2171257304965013,5.620140181985028e-06,24.712694710909577,24.712689090769395,-1.2171257304965013,1.6860420545955083e-05,74.13808413272874,74.13806727230819,-3.6513771914895043,1.4991687312451133e-19,,34.936,False,74.13806727230819,False,True,False,24.712694710909577,2.9983374624902266e-19,False
One-stage weighted objective,1410,23.5,0.0,-3.0263776735991045e-19,3.0263776735991045e-19,0.593257934045434,5.562656304112371e-06,24.968072833546437,24.96806727089013,-1.1552633119433637,5.562656304112371e-06,24.968072833546437,24.96806727089013,-1.1552633119433637,5.562656304112371e-06,24.968072833546437,24.96806727089013,-1.1552633119433637,1.6687968912337113e-05,74.90421850063932,74.9042018126704,-3.465789935830091,1.5131888367995522e-19,,26.0865,False,74.90420181267041,False,True,False,24.968072833546437,3.0263776735991045e-19,False
One-stage weighted objective,1440,24.0,0.0,-3.03367785556396e-19,3.03367785556396e-19,0.5516444868324426,5.558511525336557e-06,24.986690601860143,24.98668504334862,0.4430861279582509,5.558511525336557e-06,24.986690601860143,24.98668504334862,0.4430861279582509,5.558511525336557e-06,24.986690601860143,24.98668504334862,0.4430861279582509,1.6675534576009668e-05,74.96007180558043,74.96005513004586,1.3292583838747527,1.51683892778198e-19,,27.1535,False,74.96005513004584,False,True,False,24.986690601860143,3.03367785556396e-19,False
