Stage,Time_sample,Time_h,PV_available_kW,PV_command_kW,PV_curtailment_kW,SOC_pu,BESS_P_ch_A_kW,BESS_P_dis_A_kW,BESS_P_net_A_kW,BESS_Q_A_kvar,BESS_P_ch_B_kW,BESS_P_dis_B_kW,BESS_P_net_B_kW,BESS_Q_B_kvar,BESS_P_ch_C_kW,BESS_P_dis_C_kW,BESS_P_net_C_kW,BESS_Q_C_kvar,BESS_P_ch_total_kW,BESS_P_dis_total_kW,BESS_P_net_total_kW,BESS_Q_total_kvar,PV_curtailment_energy_kWh,PV_interval_curtailment_fraction
One-stage weighted objective,30,0.5,0.0,1.1382306176442123e-15,0.0,0.5,5.394145310173751e-06,25.5243746083299,25.52436921418459,-0.7648201147136366,5.475523478630397e-06,25.14854274821948,25.148537272696,-0.20563381812549358,5.504430823614107e-06,25.017617072064457,25.017611567633633,1.4006646813491432,1.6374099612418255e-05,75.69053442861384,75.69051805451421,0.430210748510013,0.0,
One-stage weighted objective,60,1.0,0.0,1.1382306173259373e-15,0.0,0.45794971046355937,5.4745417071045066e-06,25.153014834149506,25.153009359607797,-1.0547232694564708,5.48069600030111e-06,25.125004270094593,25.124998789398592,1.107089545397281,5.477610256515717e-06,25.13905431367032,25.139048836060066,0.13755394983097208,1.643284796392133e-05,75.41707341791442,75.41705698506645,0.18992022577178258,0.0,
One-stage weighted objective,90,1.5,0.0,1.1382306301609265e-15,0.0,0.41605134373727737,5.4714401848880386e-06,25.16713268932637,25.167127217886183,0.6222404104223294,5.476946810124315e-06,25.142057216544035,25.142051739597225,0.4474538084173662,5.475616516244213e-06,25.148118462329332,25.148112986712817,-0.2522401464689491,1.6424003511256563e-05,75.45730836819973,75.45729194419623,0.8174540723707465,0.0,
One-stage weighted objective,120,2.0,0.0,1.138230624147762e-15,0.0,0.3741306242568569,5.4385110324917195e-06,25.318144162314205,25.31813872380317,-0.7428763846937848,5.478481802081289e-06,25.13508414548658,25.135078667004777,-0.8479580460193149,5.494343847962107e-06,25.063128134210068,25.06312263986622,2.053304319541059,1.641133668253512e-05,75.51635644201086,75.51634003067417,0.4624698888279595,0.0,
One-stage weighted objective,150,2.5,0.0,1.138230617462715e-15,0.0,0.33217710028528574,5.470201761819489e-06,25.172788568105986,25.172783097904222,-0.33411638022323603,5.482398874194284e-06,25.117282865028944,25.117277382630068,-1.2702715126831956,5.475501732539088e-06,25.14863985119047,25.148634375688736,0.1933936757249495,1.6428102368552863e-05,75.4387112843254,75.43869485622302,-1.4109942171814824,0.0,
One-stage weighted objective,180,3.0,0.0,1.1382306173329045e-15,0.0,0.2902667125199732,5.47033713451657e-06,25.172170597736528,25.172165127399392,0.36903470060807175,5.475528338729831e-06,25.148519411470556,25.148513935942216,-0.2084681033382892,5.4792007023620416e-06,25.1318138390855,25.131808359884793,-0.9399048549540286,1.6425066175608443e-05,75.4525038482926,75.45248742322642,-0.779338257684246,0.0,
One-stage weighted objective,210,3.5,0.0,1.1382306165122537e-15,0.0,0.24834866221775712,5.471166740572782e-06,25.168364665892362,25.16835919472562,0.4274127423316271,5.47616899439347e-06,25.14563729672912,25.145631820560126,0.4340501816469442,5.485811168046882e-06,25.101785894822402,25.101780409011234,0.46642145639101257,1.643314690301313e-05,75.41578785744387,75.41577142429698,1.327884380369584,0.0,
One-stage weighted objective,240,4.0,0.8028310228511782,0.03669298515355782,0.7661380376976203,0.20645100969187105,7.79966051286528e-09,0.7661380394736318,0.7661380316739713,-23.299994786330462,7.799658652916642e-09,0.7661380394736329,0.7661380316739743,-23.1930875706482,7.799664075487211e-09,0.7661380394736295,0.7661380316739653,-23.125878814601023,2.3398983241269134e-08,2.298414118420894,2.2984140950219105,-69.61896117157968,0.38306901884881017,0.9542955066394342
One-stage weighted objective,270,4.5,3.34813146317036,0.0431304054422662,3.3050010577280937,0.20517411296994453,8.117318513986267e-09,3.3050010849571203,3.305001076839802,-22.75623327647876,8.117319138571367e-09,3.30500108495712,3.3050010768398006,-23.204435956613587,8.117305062029623e-09,3.3050010849571287,3.3050010768398232,-23.30156502237129,2.435194271458726e-08,9.915003254871367,9.915003230519426,-69.26223425546364,1.6525005288640469,0.9871180669227887
One-stage weighted objective,300,5.0,7.6124904720528,0.04613555933391807,7.566354912718881,0.19966577783930772,8.647842973316694e-09,7.566354982591502,7.566354973943659,-22.160096854410327,8.64782845202489e-09,7.566354982591511,7.566354973943682,-22.531403791966763,8.647831494885857e-09,7.566354982591509,7.566354973943677,-22.329384031820467,2.594350292022744e-08,22.69906494777452,22.699064921831017,-67.02088467819756,3.7831774563594407,0.9939394920094425
One-stage weighted objective,330,5.5,16.21467298000961,16.214673057559985,0.0,0.1870551862133298,1.976935105861934e-08,1.555761918004835e-08,-4.211731878570989e-09,-22.65034197689627,1.9769303690104795e-08,1.5557623781854756e-08,-4.211679908250039e-09,-22.912839073466305,1.976932694785962e-08,1.555762068135622e-08,-4.211706266503401e-09,-22.753885987344347,5.930798169658376e-08,4.667286364325933e-08,-1.263511805332443e-08,-68.31706703770692,0.0,0.0
One-stage weighted objective,360,6.0,32.04062632992235,32.040626407472736,0.0,0.18705518621408904,1.9769148049327944e-08,1.555762897276154e-08,-4.211519076566402e-09,-21.63395896246458,1.9769347215896166e-08,1.5557608986932307e-08,-4.211738228963857e-09,-20.869125290694466,1.9769426860182393e-08,1.5557600693931147e-08,-4.211826166251246e-09,-21.2695816791482,5.93079221254065e-08,4.6672838653624996e-08,-1.2635083471781506e-08,-63.77266593230725,0.0,0.0
One-stage weighted objective,390,6.5,67.54117105030791,67.5411711278584,0.0,0.18705518621484823,1.9769544721874804e-08,1.5557496529233393e-08,-4.2120481926414124e-09,-10.392368206641496,1.9768736467056642e-08,1.5557580679334126e-08,-4.211155787722516e-09,-10.451265501248264,1.9769100254182552e-08,1.5557544766581754e-08,-4.2115554876008e-09,-10.358929430384377,5.9307381443114e-08,4.667262197514927e-08,-1.2634759467964729e-08,-31.202563138274133,0.0,0.0
One-stage weighted objective,420,7.0,81.2359820112237,81.23598207844393,0.0,0.18705518621560732,7.53567142777311e-09,2.7750209195903488e-08,2.021453776813038e-08,2.6937909600247707,1.945066531681704,2.0665805323992774e-08,-1.9450665110158987,-0.8908736739284207,1.9299497352697998,2.0662522424791428e-08,-1.9299497146072775,0.18316137077643327,3.875016274487175,6.90785369446877e-08,-3.8750162054086386,1.9860786568727835,0.0,0.0
One-stage weighted objective,450,7.5,139.78309169335256,139.78309176242206,0.0,0.18879894350074958,21.52967533571084,2.1738987656405135e-08,-21.529675313971858,-2.2831454530166324,21.50731104704592,2.1738293386965804e-08,-21.507311025307626,1.7694598719310595,21.546514571492967,2.1739528082759083e-08,-21.54651454975344,-0.23830035090557306,64.58350095424973,6.521680912613002e-08,-64.58350088903292,-0.751985931991146,0.0,0.0
One-stage weighted objective,480,8.0,137.80699617541745,137.8069962447261,0.0,0.2178615188939304,20.694767844865652,2.148123989690508e-08,-20.694767823384414,-2.111696694913224,20.80265138157636,2.1488373431321518e-08,-20.80265136008799,0.9070921776052236,21.094717393625697,2.1504205353539013e-08,-21.09471737212149,0.6826624369934184,62.592136620067706,6.447381868176561e-08,-62.592136555593896,-0.5219420803145822,0.0,0.0
One-stage weighted objective,510,8.5,157.78637576376747,157.78637583128787,0.0,0.2460279803371421,27.427917317129154,2.3292515177095164e-08,-27.42791729383664,-0.20690231608472928,27.45105077850474,2.3287671060437506e-08,-27.45105075521707,0.499965023053445,27.587327292025186,2.325853004119774e-08,-27.587327268766657,0.560613341202704,82.46629538765909,6.983871627873042e-08,-82.46629531782038,0.8536760481714196,0.0,0.0
One-stage weighted objective,540,9.0,172.4434812296132,172.44348129732367,0.0,0.2831378132227894,32.31321327590707,2.3021984470711463e-08,-32.313213252885085,0.1454327915019688,32.49729845376469,2.2958836551722975e-08,-32.497298430805856,0.8640545947790954,32.4535017341233,2.297385018787705e-08,-32.45350171114945,0.06486028956508416,97.26401346379507,6.895467121031149e-08,-97.26401339484039,1.0743476758461483,0.0,0.0
One-stage weighted objective,570,9.5,185.00628302110874,185.00628309012203,0.0,0.326906619243189,36.53300453682445,2.1621198314805104e-08,-36.533004515203245,-1.2822944729096397,36.899237217531976,2.1478383264637056e-08,-36.89923719605359,2.4470694133387365,36.69318445614326,2.155880558573568e-08,-36.69318443458445,-1.3903485007182177,110.12542621049968,6.465838716517784e-08,-110.12542614584127,-0.22557356028912112,0.0,0.0
One-stage weighted objective,600,10.0,119.41607162306806,119.41607169442652,0.0,0.37646306100199256,14.958645591345519,1.9301171690582266e-08,-14.958645572044349,-4.0112475269954695,14.785052984875348,1.9254956991291918e-08,-14.785052965620391,2.5447171667955906,15.081972695101054,1.9333823819620175e-08,-15.081972675767231,-0.6257307998641577,44.82567127132192,5.788995250149436e-08,-44.82567121343197,-2.092261160064037,0.0,0.0
One-stage weighted objective,630,10.5,229.74574207171457,229.74574214770632,0.0,0.3966346130419263,51.22061249063154,1.423092200432863e-08,-51.22061247640062,0.9698870239738399,51.53880756512523,1.4148253977192265e-08,-51.538807550976976,0.44192287915816464,51.59388199870378,1.4134227691901368e-08,-51.593881984569556,0.4441532175068086,154.35330205446053,4.251340367342226e-08,-154.35330201194714,1.855963120638813,0.0,0.0
One-stage weighted objective,660,11.0,235.99030875364213,235.99030883039626,0.0,0.466093598942815,53.789078209481765,1.3357844426639642e-08,-53.78907819612392,0.561839616250385,53.863619786660436,1.334154635485664e-08,-53.86361977331889,0.3254400815545103,53.516622217511475,1.3418301796716862e-08,-53.516622204093174,0.35909881670235233,161.16932021365366,4.011769257821315e-08,-161.169320173536,1.2463785145072475,0.0,0.0
One-stage weighted objective,690,11.5,232.58844417352725,232.58844424988638,0.0,0.5386197930166715,52.38610840426107,1.3809092894192816e-08,-52.38610839045198,0.4416956134404037,52.626113479208406,1.3751470804586124e-08,-52.62611346545693,0.44393743098460875,52.43145594185643,1.3798026881937139e-08,-52.4314559280584,0.45041184614485896,157.4436778253259,4.1358590580716076e-08,-157.4436777839673,1.3360448905698714,0.0,0.0
One-stage weighted objective,720,12.0,137.66254700039707,137.6625470697323,0.0,0.6094694480150912,20.727647223504214,2.1459852361739308e-08,-20.727647202044363,0.4468535123141972,20.82757482500565,2.146605285911204e-08,-20.827574803539598,0.4445328954392722,20.815221352775666,2.146531478234968e-08,-20.81522133131035,0.4482641501047493,62.370443401285534,6.439122000320103e-08,-62.370443336894304,1.3396505578582187,0.0,0.0
One-stage weighted objective,750,12.5,86.5071933071255,86.5071933822667,0.0,0.6375361475098967,3.8893126347372164,1.519932313909705e-08,-3.8893126195378933,0.6811621549305427,3.730131138415614,1.5178474956622938e-08,-3.7301311232371397,-1.4832602791027902,3.695679465724636,1.5173937904447303e-08,-3.6956794505506982,0.6848455362377421,11.315123238877465,4.555173600016729e-08,-11.315123193325732,-0.11725258793450541,0.0,0.0
One-stage weighted objective,780,13.0,63.43607803724001,63.43607811479044,0.0,0.6426279529420851,1.976948427585552e-08,1.5557557912265298e-08,-4.211926363590225e-09,-11.63455357790573,1.9769454807881237e-08,1.555756020839603e-08,-4.211894599485207e-09,-11.928697895017166,1.976875341816312e-08,1.5557627488985605e-08,-4.211125929177517e-09,-12.700341042813871,5.930769250189988e-08,4.667274560964693e-08,-1.2634946892252949e-08,-36.26359251573677,0.0,0.0
One-stage weighted objective,810,13.5,220.84312489531777,220.84312497017297,0.0,0.6426279529428442,48.574532761485095,1.539995339209366e-08,-48.57453274608515,2.9641886070332046,48.9861804776428,1.527733785711458e-08,-48.98618046236546,-1.8427945321765624,48.53501162191338,1.5411983069740362e-08,-48.53501160650139,-1.8752986541892005,146.09572486104128,4.6089274318948607e-08,-146.095724814952,-0.7539045793325582,0.0,0.0
One-stage weighted objective,840,14.0,219.0145041579911,219.01450423201962,0.0,0.7083710291047076,44.75012972907807,1.6977754182286767e-08,-44.75012971210032,2.1058056413176263,48.12591770404932,1.5843494675006988e-08,-48.12591768820583,-0.9576076732272141,47.85929967528865,1.592300963392158e-08,-47.85929965936564,-0.4396334283331391,140.73534710841602,4.8744258491215336e-08,-140.7353470596718,0.7085645397572732,0.0,0.0
One-stage weighted objective,870,14.5,209.104784648659,209.10478472145607,0.0,0.7717019352764147,43.95700184709053,1.7715449605287856e-08,-43.95700182937508,3.4979292682678405,44.78786775552367,1.7418435400693962e-08,-44.787867738105234,-2.435250933960882,44.69108289516321,1.7452477041713474e-08,-44.69108287771074,-2.6392235937862307,133.4359524977774,5.258636204769529e-08,-133.43595244519105,-1.576545259479272,0.0,0.0
One-stage weighted objective,900,15.0,169.58967598894523,169.58967605649795,0.0,0.8317481138712,31.401481653280506,2.3184111874410763e-08,-31.401481630096395,0.4204932191647227,31.545073726750307,2.31373896253783e-08,-31.545073703612918,0.44499570073851474,31.404424005690654,2.3183212157835866e-08,-31.40442398250744,0.4480824840119223,94.35097938572147,6.950471365762494e-08,-94.35097931621675,1.3135714039151598,0.0,0.0
One-stage weighted objective,930,15.5,108.38617806758464,108.38617814027918,0.0,0.8742060545561608,10.567623730507842,1.772834810099985e-08,-10.567623712779493,0.9742275120684597,11.05963202736272,1.786567445984108e-08,-11.059632009497047,0.4392024668089614,10.995504047528632,1.7847011246473973e-08,-10.995504029681621,0.4537323739318633,32.62275980539919,5.3441033807314906e-08,-32.622759751958164,1.8671623528092844,0.0,0.0
One-stage weighted objective,960,16.0,167.97181180257934,167.97181187009932,0.0,0.888886296438901,28.485221455043714,2.3720153131640582e-08,-28.48522143132356,2.4247799730075226,31.324845166398852,2.2913374920829358e-08,-31.324845143485476,-1.437583970364368,30.86261325322432,2.306052763045342e-08,-30.86261323016379,-1.0369641126050053,90.67267987466688,6.969405568292336e-08,-90.67267980497284,-0.04976810996185077,0.0,0.0
One-stage weighted objective,990,16.5,124.58044620067777,124.58044627201107,0.0,0.9296890023437822,11.28394959013175,1.8491760933172926e-08,-11.283949571639988,0.7106403076899481,16.377440078821017,1.9802187603627562e-08,-16.377440059018827,0.011382547610429965,16.48560928290963,1.982819817644192e-08,-16.48560926308143,0.9091040272422862,44.14699895186239,5.812214671324241e-08,-44.146998893740246,1.6311268825426641,0.0,0.0
One-stage weighted objective,1020,17.0,58.8676590442051,51.39920073482498,7.468458309380112,0.9495551518398302,8.635159733425246e-09,7.468458403127849,7.468458394492689,-4.981994583039185,8.634882273191394e-09,7.4684584031280155,7.468458394493133,-2.897709101170467,8.634991687673778e-09,7.468458403127948,7.468458394492957,-2.3121882305938577,2.5905033694290417e-08,22.405375209383813,22.405375183478775,-10.19189191480351,3.734229154690056,0.1268686139493312
One-stage weighted objective,1050,17.5,21.38615526279812,1.4951499824030097,19.891005280395106,0.9371077211796076,1.0194030019637076e-08,19.891005374142857,19.891005363948825,-12.180988732463428,1.0193871520851962e-08,19.891005374142935,19.891005363949066,-13.181072324674965,1.0193744955928408e-08,19.891005374143,19.891005363949255,-13.936546350539809,3.0581646496417445e-08,59.67301612242879,59.673016091847146,-39.298607407678205,9.945502640197553,0.9300879487673096
One-stage weighted objective,1080,18.0,35.72629562474032,19.02763589229633,16.69865973244399,0.9039560455697978,9.786840404759826e-09,16.698659826191673,16.698659816404835,-6.242489594823132,9.786260846740953e-09,16.69865982619197,16.698659816405712,-9.517443646396966,9.786568848169298e-09,16.69865982619181,16.69865981640524,-7.345828440497724,2.9359670099670076e-08,50.09597947857546,50.09597944921578,-23.105761681717823,8.349329866221995,0.46740529462786606
One-stage weighted objective,1110,18.5,34.88048921037201,16.175182969561945,18.705306240810067,0.87612494587269,1.0043546033442364e-08,18.70530633455783,18.705306324514282,-3.964893984220012,1.0043476840524802e-08,18.70530633455787,18.705306324514392,-4.665463764290737,1.0043205884258155e-08,18.705306334558006,18.7053063245148,-5.959604829969149,3.013022875822532e-08,56.115919003673696,56.11591897354348,-14.589962578479899,9.352653120405034,0.5362684602269823
One-stage weighted objective,1140,19.0,14.676355200650205,0.03682185253303231,14.639533348117173,0.8449494353286521,9.52556138119438e-09,14.63953344186489,14.639533432339327,-19.17073109084659,9.52557908869231e-09,14.63953344186488,14.639533432339302,-18.641021583797862,9.525591579573523e-09,14.639533441864874,14.639533432339283,-18.705975080693225,2.8576732049460215e-08,43.91860032559464,43.91860029701791,-56.517727755337674,7.319766674058586,0.997491076494837
One-stage weighted objective,1170,19.5,6.556644238336596,0.044055147822889724,6.512589090513707,0.8205502129384035,8.517120820732175e-09,6.51258914982786,6.512589141310739,-22.67590275052135,8.51708740619937e-09,6.51258914982788,6.512589141310792,-22.63035923338419,8.517128066804652e-09,6.512589149827855,6.512589141310728,-21.288742204345024,2.55513362937362e-08,19.537767449483596,19.53776742393226,-66.59500418825056,3.2562945452568535,0.9932808390662254
One-stage weighted objective,1200,20.0,1.4787101336823925,0.03859673881904402,1.4401133948633484,0.8096958977001885,7.884040510384266e-09,1.4401134033981602,1.4401133955141197,-22.901484179808723,7.884058922763283e-09,1.4401134033981484,1.4401133955140895,-21.756099971218788,7.884061090386893e-09,1.440113403398147,1.4401133955140861,-22.707418249124043,2.3652160523534442e-08,4.3203402101944555,4.320340186542294,-67.36500240015154,0.7200566974316742,0.9738983740356688
One-stage weighted objective,1230,20.5,0.5138621598622417,0.032443377226045546,0.4814187826361962,0.8072957087051683,7.763990253244434e-09,0.48141878152251455,0.4814187737585243,-22.30290095755099,7.764020295621658e-09,0.48141878152249495,0.4814187737584747,-21.79775681016369,7.763999650157505e-09,0.48141878152250844,0.4814187737585088,-23.168733989385796,2.3292010199023597e-08,1.444256344567518,1.4442563212755075,-67.26939175710046,0.2407093913180981,0.9368636576883904
One-stage weighted objective,1260,21.0,0.0,1.1382306177017268e-15,0.0,0.8064933440797789,5.426451673338495e-06,25.373864787220068,25.373859360768396,0.4342952982721728,5.48991303751262e-06,25.083206574477167,25.08320108456413,0.434090304685782,5.494959721911668e-06,25.06036980665897,25.060364311699246,0.45605423345203155,1.6411324432762782e-05,75.5174411683562,75.51742475703176,1.3244398364099863,0.0,
One-stage weighted objective,1290,21.5,0.0,1.138230617332147e-15,0.0,0.7645392174824548,5.415058902963843e-06,25.42674564312374,25.426740228064837,0.8785660919333703,5.559306081536272e-06,24.772723495210315,24.772717935904232,0.2609257132146263,5.475810314919959e-06,25.147235831750443,25.14723035594013,0.32865850775817906,1.6450175299420074e-05,75.34670497008449,75.34668851990921,1.4681503129061757,0.0,
One-stage weighted objective,1320,22.0,0.0,1.1382306225730316e-15,0.0,0.7226799443460978,4.486754614936473e-06,30.58809762388225,30.588093137127633,0.6234450655702815,5.5135784650248275e-06,24.976463998055632,24.976458484477167,0.13732939872883038,5.503352725652843e-06,25.022473321914273,25.022467818561548,0.7331692599907075,1.550368580561414e-05,80.58703494385215,80.58701944016634,1.4939437242898193,0.0,
One-stage weighted objective,1350,22.5,0.0,1.1382306180327048e-15,0.0,0.6779093763539498,5.373560238396827e-06,25.621179232997154,25.621173859436915,0.6999078489925641,5.509356925413572e-06,24.99544327679657,24.995437767439647,0.4350111575504763,5.493529704320225e-06,25.06683522227545,25.066829728745745,0.45703653149411855,1.637644686813062e-05,75.68345773206917,75.68344135562232,1.5919555380371588,0.0,
One-stage weighted objective,1380,23.0,0.0,1.13823062490941e-15,0.0,0.6358630183166457,5.4066066453526845e-06,25.46610601242935,25.466100605822707,0.2608348058553284,5.555475195671359e-06,24.78966576366526,24.789660208190064,1.0232724729174874,5.4819053227209474e-06,25.119525190415466,25.119519708510143,-1.2251294228766598,1.644398716374499e-05,75.37529696651006,75.37528052252291,0.058977855896155916,0.0,
One-stage weighted objective,1410,23.5,0.0,1.1382306197367193e-15,0.0,0.5939878607350455,5.408622617598886e-06,25.456713840432034,25.456708431809414,0.024353674014884474,5.475409199630261e-06,25.1490611088908,25.1490556334816,0.12732838127992213,5.505432590644568e-06,25.01310449674429,25.0130989913117,0.8898089807128459,1.6389464407873718e-05,75.61887944606713,75.61886305660272,1.0414910360076524,0.0,
One-stage weighted objective,1440,24.0,0.0,1.1382306172335076e-15,0.0,0.5519773795291562,5.405387105930023e-06,25.471803045029624,25.471797639642517,0.43102981297540377,5.4842152649145375e-06,25.109039140581366,25.109033656366105,0.4379100794360425,5.513139967464452e-06,24.97843625934162,24.978430746201653,0.45094390250922367,1.640274233830901e-05,75.55927844495261,75.55926204221026,1.3198837949206699,0.0,
