Time_sample,Time_h,Feeder_line,OPF_P_sending_A_kW,OPF_P_sending_B_kW,OPF_P_sending_C_kW,OPF_source_flow_total_kW,OPF_feeder_import_kW,OPF_feeder_export_kW,OPF_feeder_export_energy_kWh,sign_convention,units
30,0.5,feeder2_line1,-17.334564136817768,-21.297761088510896,-18.309386011660504,-56.941711236989164,0.0,56.941711236989164,28.470855618494582,positive source flow = import; negative source flow = export,kW; energy column kWh
60,1.0,feeder2_line1,-19.56268932950984,-21.388211456705438,-20.215721157086442,-61.16662194330172,0.0,61.16662194330172,30.58331097165086,positive source flow = import; negative source flow = export,kW; energy column kWh
90,1.5,feeder2_line1,-19.646385069122193,-21.113206387989532,-21.899748434684636,-62.659339891796364,0.0,62.659339891796364,31.329669945898182,positive source flow = import; negative source flow = export,kW; energy column kWh
120,2.0,feeder2_line1,-19.480388955966866,-22.25282809682274,-20.324552825477387,-62.057769878266996,0.0,62.057769878266996,31.028884939133498,positive source flow = import; negative source flow = export,kW; energy column kWh
150,2.5,feeder2_line1,-19.667807750657456,-22.11055450233534,-21.7956079322434,-63.57397018523619,0.0,63.57397018523619,31.786985092618096,positive source flow = import; negative source flow = export,kW; energy column kWh
180,3.0,feeder2_line1,-19.597045468528382,-21.17826024902733,-22.233828323632185,-63.00913404118789,0.0,63.00913404118789,31.504567020593946,positive source flow = import; negative source flow = export,kW; energy column kWh
210,3.5,feeder2_line1,-19.26722363825912,-20.575962999574752,-20.48822851582079,-60.33141515365466,0.0,60.33141515365466,30.16570757682733,positive source flow = import; negative source flow = export,kW; energy column kWh
240,4.0,feeder2_line1,4.224568342067136,3.133857028248485,3.1992091628535575,10.557634533169178,10.557634533169178,0.0,0.0,positive source flow = import; negative source flow = export,kW; energy column kWh
270,4.5,feeder2_line1,2.4869508958416953,0.3227698386059474,-1.0475449008949451,1.7621758335526976,1.7621758335526976,0.0,0.0,positive source flow = import; negative source flow = export,kW; energy column kWh
300,5.0,feeder2_line1,-1.6039656859582374,-4.295627110610348,-3.9837771185868256,-9.883369915155411,0.0,9.883369915155411,4.9416849575777055,positive source flow = import; negative source flow = export,kW; energy column kWh
330,5.5,feeder2_line1,0.3391532036814533,-1.309615757796635,-1.3431228059753157,-2.3135853600904976,0.0,2.3135853600904976,1.1567926800452488,positive source flow = import; negative source flow = export,kW; energy column kWh
360,6.0,feeder2_line1,-7.9545768940329795,-6.651440278829467,-3.350625645762725,-17.956642818625173,0.0,17.956642818625173,8.978321409312587,positive source flow = import; negative source flow = export,kW; energy column kWh
390,6.5,feeder2_line1,-14.550372760212305,-18.739915039664563,-19.243067419092668,-52.53335521896953,0.0,52.53335521896953,26.266677609484766,positive source flow = import; negative source flow = export,kW; energy column kWh
420,7.0,feeder2_line1,-18.483903945651818,-19.78043043440823,-22.24757341167701,-60.51190779173706,0.0,60.51190779173706,30.25595389586853,positive source flow = import; negative source flow = export,kW; energy column kWh
450,7.5,feeder2_line1,-20.647897602434355,-20.419059066822776,-13.34476518969286,-54.41172185894999,0.0,54.41172185894999,27.205860929474994,positive source flow = import; negative source flow = export,kW; energy column kWh
480,8.0,feeder2_line1,-16.07865312519473,-17.14426422023411,-6.965193826694138,-40.18811117212298,0.0,40.18811117212298,20.09405558606149,positive source flow = import; negative source flow = export,kW; energy column kWh
510,8.5,feeder2_line1,-15.95440867699119,-18.56490407998457,-13.40691219435753,-47.92622495133329,0.0,47.92622495133329,23.963112475666644,positive source flow = import; negative source flow = export,kW; energy column kWh
540,9.0,feeder2_line1,-12.554366400587153,-10.15004355402886,-12.399844770774362,-35.104254725390376,0.0,35.104254725390376,17.552127362695188,positive source flow = import; negative source flow = export,kW; energy column kWh
570,9.5,feeder2_line1,-14.01776464534281,-7.526871653214368,-8.451786161559921,-29.996422460117103,0.0,29.996422460117103,14.998211230058551,positive source flow = import; negative source flow = export,kW; energy column kWh
600,10.0,feeder2_line1,-13.680057366879309,-13.39039191034529,-2.3467780992243963,-29.41722737644899,0.0,29.41722737644899,14.708613688224496,positive source flow = import; negative source flow = export,kW; energy column kWh
630,10.5,feeder2_line1,-7.252072036187538,-8.47603572571503,-10.036940259360396,-25.765048021262963,0.0,25.765048021262963,12.882524010631482,positive source flow = import; negative source flow = export,kW; energy column kWh
660,11.0,feeder2_line1,-0.27648909475416916,-6.177651958666693,-11.211832123891448,-17.66597317731231,0.0,17.66597317731231,8.832986588656155,positive source flow = import; negative source flow = export,kW; energy column kWh
690,11.5,feeder2_line1,-12.374982078112051,-11.205848608692765,-15.03167722419173,-38.61250791099655,0.0,38.61250791099655,19.306253955498274,positive source flow = import; negative source flow = export,kW; energy column kWh
720,12.0,feeder2_line1,-15.149106829878733,-15.648081117954826,-17.47415534118382,-48.27134328901738,0.0,48.27134328901738,24.13567164450869,positive source flow = import; negative source flow = export,kW; energy column kWh
750,12.5,feeder2_line1,-10.528784885321896,-17.230866369100404,-18.68529756933998,-46.44494882376228,0.0,46.44494882376228,23.22247441188114,positive source flow = import; negative source flow = export,kW; energy column kWh
780,13.0,feeder2_line1,-5.193484587113278,0.05725598000519403,-6.579258648339098,-11.715487255447183,0.0,11.715487255447183,5.8577436277235915,positive source flow = import; negative source flow = export,kW; energy column kWh
810,13.5,feeder2_line1,-12.59049453823173,-3.8330463847830716,-17.52453533897667,-33.948076261991474,0.0,33.948076261991474,16.974038130995737,positive source flow = import; negative source flow = export,kW; energy column kWh
840,14.0,feeder2_line1,-8.250588360151323,-7.6260767004072205,-16.01374436287322,-31.890409423431763,0.0,31.890409423431763,15.945204711715881,positive source flow = import; negative source flow = export,kW; energy column kWh
870,14.5,feeder2_line1,-6.979757160201143,-9.948662215409282,-19.16857948561078,-36.09699886122121,0.0,36.09699886122121,18.048499430610605,positive source flow = import; negative source flow = export,kW; energy column kWh
900,15.0,feeder2_line1,-7.332433003324351,-9.918839209814372,-14.334406591982704,-31.585678805121425,0.0,31.585678805121425,15.792839402560713,positive source flow = import; negative source flow = export,kW; energy column kWh
930,15.5,feeder2_line1,-13.207295385644931,-16.011644546342396,-16.99937754415075,-46.21831747613808,0.0,46.21831747613808,23.10915873806904,positive source flow = import; negative source flow = export,kW; energy column kWh
960,16.0,feeder2_line1,-7.199445106341489,-2.7093986766926204,-15.746597016739312,-25.655440799773423,0.0,25.655440799773423,12.827720399886712,positive source flow = import; negative source flow = export,kW; energy column kWh
990,16.5,feeder2_line1,-7.740662678523969,-12.91527170576763,-12.38951949221461,-33.04545387650621,0.0,33.04545387650621,16.522726938253104,positive source flow = import; negative source flow = export,kW; energy column kWh
1020,17.0,feeder2_line1,0.41532068180432086,-6.65810807593593,-0.2234390766055538,-6.466226470737163,0.0,6.466226470737163,3.2331132353685814,positive source flow = import; negative source flow = export,kW; energy column kWh
1050,17.5,feeder2_line1,6.339571823954424,5.352471748831477,-4.775818838121545,6.9162247346643575,6.9162247346643575,0.0,0.0,positive source flow = import; negative source flow = export,kW; energy column kWh
1080,18.0,feeder2_line1,9.423354880372134,-9.769887020679214,-12.394314487077862,-12.740846627384942,0.0,12.740846627384942,6.370423313692471,positive source flow = import; negative source flow = export,kW; energy column kWh
1110,18.5,feeder2_line1,2.912455753354922,-0.9942705652473778,-6.125325258720434,-4.20714007061289,0.0,4.20714007061289,2.103570035306445,positive source flow = import; negative source flow = export,kW; energy column kWh
1140,19.0,feeder2_line1,2.2867493216255235,4.0862897124985595,5.526006393849236,11.89904542797332,11.89904542797332,0.0,0.0,positive source flow = import; negative source flow = export,kW; energy column kWh
1170,19.5,feeder2_line1,10.84957260928942,3.64341111211984,10.73672215276272,25.22970587417198,25.22970587417198,0.0,0.0,positive source flow = import; negative source flow = export,kW; energy column kWh
1200,20.0,feeder2_line1,16.016404564794776,19.96599711216155,22.42612351400912,58.40852519096545,58.40852519096545,0.0,0.0,positive source flow = import; negative source flow = export,kW; energy column kWh
1230,20.5,feeder2_line1,13.815468156595113,20.309198932434853,16.84314234615009,50.96780943518006,50.96780943518006,0.0,0.0,positive source flow = import; negative source flow = export,kW; energy column kWh
1260,21.0,feeder2_line1,-11.855059123667768,-12.271849537031935,-13.123761759636315,-37.25067042033602,0.0,37.25067042033602,18.62533521016801,positive source flow = import; negative source flow = export,kW; energy column kWh
1290,21.5,feeder2_line1,-8.493093759599724,-4.384657204482981,-12.313667481530747,-25.19141844561345,0.0,25.19141844561345,12.595709222806725,positive source flow = import; negative source flow = export,kW; energy column kWh
1320,22.0,feeder2_line1,-12.822518611990231,-11.165370953684935,-12.105748111910009,-36.09363767758518,0.0,36.09363767758518,18.04681883879259,positive source flow = import; negative source flow = export,kW; energy column kWh
1350,22.5,feeder2_line1,-12.530397109083587,-12.228177846861524,-12.66139399843241,-37.419968954377524,0.0,37.419968954377524,18.709984477188762,positive source flow = import; negative source flow = export,kW; energy column kWh
1380,23.0,feeder2_line1,-15.099244618798126,-7.977244239500776,-12.327895835813926,-35.40438469411283,0.0,35.40438469411283,17.702192347056414,positive source flow = import; negative source flow = export,kW; energy column kWh
1410,23.5,feeder2_line1,-13.430036995643093,-17.68802084851563,-14.650267644511892,-45.76832548867061,0.0,45.76832548867061,22.884162744335306,positive source flow = import; negative source flow = export,kW; energy column kWh
1440,24.0,feeder2_line1,-14.089504879156904,-17.251814832467986,-13.417037921354922,-44.75835763297981,0.0,44.75835763297981,22.379178816489905,positive source flow = import; negative source flow = export,kW; energy column kWh
