Time_sample,Time_h,PV_architecture,CentralSolar_Available_P_W,CentralSolar_P_command_W,CentralSolar_Q_command_var,BESS_P_net_A_W,BESS_P_net_B_W,BESS_P_net_C_W,BESS_P_net_total_W,NetCentral_P_injection_A_W,NetCentral_P_injection_B_W,NetCentral_P_injection_C_W,NetCentral_P_injection_total_W,BESS_SOC_pu
30,0.5,central,0.0,-3.4540120073402145e-16,-4.825883737647008e-07,24749.151314913008,24749.151314913008,24749.151314913008,74247.45394473903,24749.151314913008,24749.151314913008,24749.151314913008,74247.45394473903,0.4999999999999999
60,1.0,central,0.0,-3.489038915816268e-16,7.159372631542468e-08,24920.386697385504,24920.386697385504,24920.386697385504,74761.16009215651,24920.386697385504,24920.386697385504,24920.386697385504,74761.16009215651,0.4587514126980814
90,1.5,central,0.0,-3.525237979102631e-16,6.949045079803867e-08,25097.345460015596,25097.345460015596,25097.345460015596,75292.03638004679,25097.345460015596,25097.345460015596,25097.345460015596,75292.03638004679,0.4172174331042551
120,2.0,central,0.0,-3.4187120810398243e-16,4.9782125257952865e-08,24587.808959144906,24587.808959144906,24587.808959144906,73763.42687743471,24587.808959144906,24587.808959144906,24587.808959144906,73763.42687743471,0.37538852225182046
150,2.5,central,0.0,-3.507158928756917e-16,7.472001601113594e-08,25007.35017723015,25007.35017723015,25007.35017723015,75022.05053169045,25007.35017723015,25007.35017723015,25007.35017723015,75022.05053169045,0.33440883886452233
180,3.0,central,0.0,-3.5092163524690867e-16,-8.589434047775761e-08,25015.684584380895,25015.684584380895,25015.684584380895,75047.05375314268,25015.684584380895,25015.684584380895,25015.684584380895,75047.05375314268,0.29272992014375687
210,3.5,central,0.0,-3.526913720246468e-16,1.4417286368153008e-06,25103.134652934226,25103.134652934226,25103.134652934226,75309.40395880268,25103.134652934226,25103.134652934226,25103.134652934226,75309.40395880268,0.2510371107450571
240,4.0,central,802.8310228511782,1.1094400964576982e-09,-9.26891619684576e-08,802.8310308388897,802.8310308388897,802.8310308388897,2408.493092516669,802.8310308392595,802.8310308392595,802.8310308392595,2408.4930925177787,0.20919855123816222
270,4.5,central,3348.13146317036,1.1094395459259871e-09,-7.19833837439069e-07,3348.1314966116843,3348.1314966116843,3348.1314966116843,10044.394489835053,3348.131496612054,3348.131496612054,3348.131496612054,10044.394489836162,0.20786049952001848
300,5.0,central,7612.490472052799,1.1094414791355407e-09,-7.385297228366727e-07,7612.49054813919,7612.49054813919,7612.49054813919,22837.47164441757,7612.49054813956,7612.49054813956,7612.49054813956,22837.471644418678,0.20228028035899373
330,5.5,central,16214.672980009611,16214.67307959829,5.938714553588225e-08,-6.568078645836895e-09,-6.568078645836895e-09,-6.568078645836895e-09,-1.9704235937510685e-08,5404.891026526195,5404.891026526195,5404.891026526195,16214.673079578584,0.1895927961120953
360,6.0,central,32040.626329922346,32040.62642951103,3.830454499574297e-07,-6.56807455452207e-09,-6.56807455452207e-09,-6.56807455452207e-09,-1.970422366356621e-08,10680.208809830441,10680.208809830441,10680.208809830441,32040.626429491327,0.18959279611199625
390,6.5,central,67541.17105030791,67541.17114989659,-1.294179987681901e-07,-6.568031447368752e-09,-6.568031447368752e-09,-6.568031447368752e-09,-1.9704094342106257e-08,22513.72371662563,22513.72371662563,22513.72371662563,67541.17114987689,0.18959279611185223
420,7.0,central,81235.98201122369,81235.93010062267,3.965878493264956e-09,-2670.3540504150355,-2670.3540504150355,-2670.3540504150355,-8011.062151245107,24408.289316459188,24408.289316459188,24408.289316459188,73224.86794937757,0.18959279611175317
450,7.5,central,139783.09169335256,139783.08553727466,-1.61285716213089e-06,-22201.027070332057,-22201.027070332057,-22201.027070332057,-66603.08121099617,24393.334775426163,24393.334775426163,24393.334775426163,73180.00432627849,0.1931977576100277
480,8.0,central,137806.99617541744,137806.98976181285,1.1264676293922968e-07,-21323.264020154616,-21323.264020154616,-21323.264020154616,-63969.79206046385,24612.399233783,24612.399233783,24612.399233783,73837.197701349,0.22316914217396283
510,8.5,central,157786.37576376746,157786.37083416057,1.1132799900465568e-06,-27614.793602033194,-27614.793602033194,-27614.793602033194,-82844.38080609958,24980.663342686992,24980.663342686992,24980.663342686992,74941.99002806099,0.25195554653857105
540,9.0,central,172443.48122961321,172443.47705788005,-6.402191209603026e-09,-32514.121052998886,-32514.121052998886,-32514.121052998886,-97542.36315899665,24967.037966294465,24967.037966294465,24967.037966294465,74901.1138988834,0.28923551630868005
570,9.5,central,185006.28302110874,185006.27942183343,1.1115336710640758e-07,-37545.641800613754,-37545.641800613754,-37545.641800613754,-112636.92540184126,24123.11800666406,24123.11800666406,24123.11800666406,72369.35401999217,0.3331295783776049
600,10.0,central,119416.07162306807,119416.06328590619,8.30669660729087e-08,-16461.814622726783,-16461.814622726783,-16461.814622726783,-49385.443868180344,23343.53980590861,23343.53980590861,23343.53980590861,70030.61941772584,0.38381619363706176
630,10.5,central,229745.74207171457,229745.7394786421,-3.855775620495303e-06,-51573.55559474751,-51573.55559474751,-51573.55559474751,-154720.66678424252,25008.35756479985,25008.35756479985,25008.35756479985,75025.07269439957,0.40603964070607423
660,11.0,central,235990.30875364214,235990.30627504192,1.4447986995189072e-06,-53863.0288726737,-53863.0288726737,-53863.0288726737,-161589.0866180211,24800.406552340275,24800.406552340275,24800.406552340275,74401.21965702082,0.4756639399062345
690,11.5,central,232588.44417352724,232588.44163397292,-5.259396448488267e-06,-52619.21553163442,-52619.21553163442,-52619.21553163442,-157857.64659490326,24910.265013023214,24910.265013023214,24910.265013023214,74730.79503906966,0.5483790280678416
720,12.0,central,137662.54700039705,137662.5404311404,3.5145822129228725e-07,-20825.60185438018,-20825.60185438018,-20825.60185438018,-62476.805563140544,25061.91162266662,25061.91162266662,25061.91162266662,75185.73486799985,0.6194149681997461
750,12.5,central,86507.1933071255,86507.15907237145,1.3812574973006756e-07,-4045.129030674848,-4045.129030674848,-4045.129030674848,-12135.387092024543,24790.590660115635,24790.590660115635,24790.590660115635,74371.77198034691,0.6475295285913056
780,13.0,central,63436.07803724001,63436.07813682869,-7.763212173322105e-08,-6.568056770136994e-09,-6.568056770136994e-09,-6.568056770136994e-09,-1.9704170310410983e-08,21145.35937893633,21145.35937893633,21145.35937893633,63436.07813680899,0.6529904419101523
810,13.5,central,220843.12489531777,220843.12222093425,1.0961827205808273e-07,-50062.07197142298,-50062.07197142298,-50062.07197142298,-150186.21591426892,23552.302102221773,23552.302102221773,23552.302102221773,70656.90630666533,0.6529904419100545
840,14.0,central,219014.5041579911,219014.50141437585,-1.899542387760932e-08,-48843.25826229383,-48843.25826229383,-48843.25826229383,-146529.7747868815,24161.575542498125,24161.575542498125,24161.575542498125,72484.72662749435,0.720574238192979
870,14.5,central,209104.784648659,209104.78177970706,1.1533481825726876e-07,-46781.32391274708,-46781.32391274708,-46781.32391274708,-140343.97173824123,22920.270013821944,22920.270013821944,22920.270013821944,68760.81004146583,0.7865126359466669
900,15.0,central,169589.67598894524,169589.67168529305,-4.576474632309426e-06,-31540.101293721244,-31540.101293721244,-31540.101293721244,-94620.30388116374,24989.78926804311,24989.78926804311,24989.78926804311,74969.36780412932,0.8496674222887672
930,15.5,central,108386.17806758464,108386.16561591324,9.259556343213212e-06,-11065.494898794464,-11065.494898794464,-11065.494898794464,-33196.48469638339,25063.226973176614,25063.226973176614,25063.226973176614,75189.68091952984,0.8922465576408961
960,16.0,central,167971.81180257935,167971.80758949777,4.653439465057693e-08,-32202.41551460924,-32202.41551460924,-32202.41551460924,-96607.24654382773,23788.18701522335,23788.18701522335,23788.18701522335,71364.56104567004,0.9071849717796655
990,16.5,central,124580.44620067778,124580.43806495961,-5.235252623123456e-07,-16864.47049058753,-16864.47049058753,-16864.47049058753,-50593.41147176259,24662.34219773234,24662.34219773234,24662.34219773234,73987.02659319702,0.9506582313584732
1020,17.0,central,58867.659044205095,39826.06123559624,-1.026661057152052e-06,11568.16361434623,11568.16361434623,11568.16361434623,34704.490843038686,24843.517359544974,24843.517359544974,24843.517359544974,74530.55207863492,0.9734252639128731
1050,17.5,central,21386.15526279812,1.1094322399890961e-09,-3.869502293955222e-06,21386.155362762533,21386.155362762533,21386.155362762533,64158.4660882876,21386.155362762904,21386.155362762904,21386.155362762904,64158.466088288704,0.9541449874203657
1080,18.0,central,35726.29562474032,649.3362810159967,-8.943590987580893e-06,23871.33562523897,23871.33562523897,23871.33562523897,71614.0068757169,24087.781052244303,24087.781052244303,24087.781052244303,72263.34315673291,0.9185013951490909
1110,18.5,central,34880.48921037201,3944.9215937105078,-3.789751825661325e-06,23417.964367020613,23417.964367020613,23417.964367020613,70253.89310106184,24732.938231590782,24732.938231590782,24732.938231590782,74198.81469477234,0.8787158339312934
1140,19.0,central,14676.355200650205,1.1094413055447143e-09,2.1925416844035314e-06,14676.355300613619,14676.355300613619,14676.355300613619,44029.065901840855,14676.355300613988,14676.355300613988,14676.355300613988,44029.06590184196,0.839685891441511
1170,19.5,central,6556.644238336597,1.1094427164299186e-09,-2.948320662571216e-06,6556.644303864155,6556.644303864155,6556.644303864155,19669.932911592463,6556.644303864525,6556.644303864525,6556.644303864525,19669.932911593572,0.8152252992738191
1200,20.0,central,1478.7101336823926,1.10943980801291e-09,-8.436989759221913e-09,1478.710148429042,1478.710148429042,1478.710148429042,4436.130445287126,1478.7101484294117,1478.7101484294117,1478.7101484294117,4436.130445288236,0.804297558767374
1230,20.5,central,513.8621598622417,1.109446175164445e-09,-7.518356641206318e-07,513.862164960186,513.862164960186,513.862164960186,1541.586494880558,513.8621649605558,513.8621649605558,513.8621649605558,1541.5864948816672,0.8018330418533189
1260,21.0,central,0.0,-3.519055214852067e-16,3.5315568474676258e-06,25064.68094552855,25064.68094552855,25064.68094552855,75194.04283658565,25064.68094552855,25064.68094552855,25064.68094552855,75194.04283658565,0.8009766049117132
1290,21.5,central,0.0,-3.4581349276487213e-16,-3.18818246664597e-08,24772.575874200284,24772.575874200284,24772.575874200284,74317.72762260085,24772.575874200284,24772.575874200284,24772.575874200284,74317.72762260085,0.7592021349144755
1320,22.0,central,0.0,-3.522047213334771e-16,4.209184424684156e-06,25080.24585622026,25080.24585622026,25080.24585622026,75240.73756866078,25080.24585622026,25080.24585622026,25080.24585622026,75240.73756866078,0.717914506682092
1350,22.5,central,0.0,-3.5122409466225134e-16,-2.31692363793348e-06,25001.005459662763,25001.005459662763,25001.005459662763,75003.0163789883,25001.005459662763,25001.005459662763,25001.005459662763,75003.0163789883,0.6761140951681187
1380,23.0,central,0.0,-3.4456802074990435e-16,6.326279005247513e-08,24712.689090610053,24712.689090610053,24712.689090610053,74138.06727183016,24712.689090610053,24712.689090610053,24712.689090610053,74138.06727183016,0.6344457509761858
1410,23.5,central,0.0,-3.4985092170757905e-16,1.5395285774900467e-07,24968.0672709262,24968.0672709262,24968.0672709262,74904.2018127786,24968.0672709262,24968.0672709262,24968.0672709262,74904.2018127786,0.5932579340454831
1440,24.0,central,0.0,-3.5039796316958465e-16,-8.141975403658155e-07,24986.685043379795,24986.685043379795,24986.685043379795,74960.05513013939,24986.685043379795,24986.685043379795,24986.685043379795,74960.05513013939,0.5516444868324571
