Time_sample,Time_h,BESS_P_ch_A_W,BESS_P_ch_B_W,BESS_P_ch_C_W,BESS_P_dis_A_W,BESS_P_dis_B_W,BESS_P_dis_C_W,BESS_P_net_A_W,BESS_P_net_B_W,BESS_P_net_C_W,BESS_P_net_total_W,BESS_Q_A_var,BESS_Q_B_var,BESS_Q_C_var,BESS_Q_total_var,BESS_SOC_pu
30,0.5,0.005611779380669693,0.005611779380669693,0.005611779380669693,24749.156926692387,24749.156926692387,24749.156926692387,24749.151314913008,24749.151314913008,24749.151314913008,74247.45394473903,-3216.359237340589,-3216.359237340589,-3216.359237340589,-9649.077712021768,0.4999999999999999
60,1.0,0.005573218672223293,0.005573218672223293,0.005573218672223293,24920.392270604178,24920.392270604178,24920.392270604178,24920.386697385504,24920.386697385504,24920.386697385504,74761.16009215651,-2355.218585668926,-2355.218585668926,-2355.218585668926,-7065.655757006778,0.4587514126980814
90,1.5,0.005533921971451482,0.005533921971451482,0.005533921971451482,25097.35099393757,25097.35099393757,25097.35099393757,25097.345460015596,25097.345460015596,25097.345460015596,75292.03638004679,-550.0996595048606,-550.0996595048606,-550.0996595048606,-1650.298978514582,0.4172174331042551
120,2.0,0.005648603709351832,0.005648603709351832,0.005648603709351832,24587.814607748616,24587.814607748616,24587.814607748616,24587.808959144906,24587.808959144906,24587.808959144906,73763.42687743471,-4612.213947543689,-4612.213947543689,-4612.213947543689,-13836.641842631067,0.37538852225182046
150,2.5,0.00555383745539597,0.00555383745539597,0.00555383745539597,25007.355731067604,25007.355731067604,25007.355731067604,25007.35017723015,25007.35017723015,25007.35017723015,75022.05053169045,-2131.2324621397893,-2131.2324621397893,-2131.2324621397893,-6393.697386419368,0.33440883886452233
180,3.0,0.005551987074107506,0.005551987074107506,0.005551987074107506,25015.690136367968,25015.690136367968,25015.690136367968,25015.684584380895,25015.684584380895,25015.684584380895,75047.05375314268,-1819.1102817516041,-1819.1102817516041,-1819.1102817516041,-5457.330845254813,0.29272992014375687
210,3.5,0.005532645741689245,0.005532645741689245,0.005532645741689245,25103.140185579967,25103.140185579967,25103.140185579967,25103.134652934226,25103.134652934226,25103.134652934226,75309.40395880268,440.3522347942892,440.3522347942892,440.3522347942892,1321.0567043828676,0.2510371107450571
240,4.0,1.7270475792453292e-08,1.7270475792453292e-08,1.7270475792453292e-08,802.8310308561602,802.8310308561602,802.8310308561602,802.8310308388897,802.8310308388897,802.8310308388897,2408.493092516669,-22749.224452873026,-22749.224452873026,-22749.224452873026,-68247.67335861908,0.20919855123816222
270,4.5,1.666222060835383e-08,1.666222060835383e-08,1.666222060835383e-08,3348.1314966283467,3348.1314966283467,3348.1314966283467,3348.1314966116843,3348.1314966116843,3348.1314966116843,10044.394489835053,-22666.348585169144,-22666.348585169144,-22666.348585169144,-67999.04575550742,0.20786049952001848
300,5.0,1.5185760844432865e-08,1.5185760844432865e-08,1.5185760844432865e-08,7612.490548154376,7612.490548154376,7612.490548154376,7612.49054813919,7612.49054813919,7612.49054813919,22837.47164441757,-21937.78710998177,-21937.78710998177,-21937.78710998177,-65813.36132994531,0.20228028035899373
330,5.5,3.474260345074181e-07,3.474260345074181e-07,3.474260345074181e-07,3.408579558615812e-07,3.408579558615812e-07,3.408579558615812e-07,-6.568078645836895e-09,-6.568078645836895e-09,-6.568078645836895e-09,-1.9704235937510685e-08,-22511.90944432013,-22511.90944432013,-22511.90944432013,-67535.72833296038,0.1895927961120953
360,6.0,3.474259232862255e-07,3.474259232862255e-07,3.474259232862255e-07,3.4085784873170345e-07,3.4085784873170345e-07,3.4085784873170345e-07,-6.56807455452207e-09,-6.56807455452207e-09,-6.56807455452207e-09,-1.970422366356621e-08,-21222.50619679264,-21222.50619679264,-21222.50619679264,-63667.51859037792,0.18959279611199625
390,6.5,3.4742180486451333e-07,3.4742180486451333e-07,3.4742180486451333e-07,3.408537734171446e-07,3.408537734171446e-07,3.408537734171446e-07,-6.568031447368752e-09,-6.568031447368752e-09,-6.568031447368752e-09,-1.9704094342106257e-08,-10391.017551052211,-10391.017551052211,-10391.017551052211,-31173.052653156636,0.18959279611185223
420,7.0,2670.406060667566,2670.406060667566,2670.406060667566,0.05201025253074308,0.05201025253074308,0.05201025253074308,-2670.3540504150355,-2670.3540504150355,-2670.3540504150355,-8011.062151245107,-5492.574284529062,-5492.574284529062,-5492.574284529062,-16477.722853587187,0.18959279611175317
450,7.5,22201.03332616307,22201.03332616307,22201.03332616307,0.006255831013469634,0.006255831013469634,0.006255831013469634,-22201.027070332057,-22201.027070332057,-22201.027070332057,-66603.08121099617,-4713.565073468722,-4713.565073468722,-4713.565073468722,-14140.695220406167,0.1931977576100277
480,8.0,21323.27053350942,21323.27053350942,21323.27053350942,0.006513354805647954,0.006513354805647954,0.006513354805647954,-21323.264020154616,-21323.264020154616,-21323.264020154616,-63969.79206046385,-2285.100274907539,-2285.100274907539,-2285.100274907539,-6855.300824722617,0.22316914217396283
510,8.5,27614.79863140936,27614.79863140936,27614.79863140936,0.005029376165930989,0.005029376165930989,0.005029376165930989,-27614.793602033194,-27614.793602033194,-27614.793602033194,-82844.38080609958,-318.2627427720215,-318.2627427720215,-318.2627427720215,-954.7882283160645,0.25195554653857105
540,9.0,32514.125324513767,32514.125324513767,32514.125324513767,0.004271514879623689,0.004271514879623689,0.004271514879623689,-32514.121052998886,-32514.121052998886,-32514.121052998886,-97542.36315899665,-553.9047054321044,-553.9047054321044,-553.9047054321044,-1661.714116296313,0.28923551630868005
570,9.5,37545.64549968201,37545.64549968201,37545.64549968201,0.003699068253460409,0.003699068253460409,0.003699068253460409,-37545.641800613754,-37545.641800613754,-37545.641800613754,-112636.92540184126,-5441.920322281303,-5441.920322281303,-5441.920322281303,-16325.760966843909,0.3331295783776049
600,10.0,16461.8230596209,16461.8230596209,16461.8230596209,0.008436894116685125,0.008436894116685125,0.008436894116685125,-16461.814622726783,-16461.814622726783,-16461.814622726783,-49385.443868180344,-7148.131619528082,-7148.131619528082,-7148.131619528082,-21444.394858584248,0.38381619363706176
630,10.5,51573.55828763854,51573.55828763854,51573.55828763854,0.0026928910317348905,0.0026928910317348905,0.0026928910317348905,-51573.55559474751,-51573.55559474751,-51573.55559474751,-154720.66678424252,443.5518889424564,443.5518889424564,443.5518889424564,1330.6556668273693,0.40603964070607423
660,11.0,53863.03145109599,53863.03145109599,53863.03145109599,0.0025784222920755702,0.0025784222920755702,0.0025784222920755702,-53863.0288726737,-53863.0288726737,-53863.0288726737,-161589.0866180211,438.8570914266927,438.8570914266927,438.8570914266927,1316.5712742800781,0.4756639399062345
690,11.5,52619.218171008906,52619.218171008906,52619.218171008906,0.002639374484335418,0.002639374484335418,0.002639374484335418,-52619.21553163442,-52619.21553163442,-52619.21553163442,-157857.64659490326,445.16564604885576,445.16564604885576,445.16564604885576,1335.4969381465673,0.5483790280678416
720,12.0,20825.60852338536,20825.60852338536,20825.60852338536,0.006669005180549089,0.006669005180549089,0.006669005180549089,-20825.60185438018,-20825.60185438018,-20825.60185438018,-62476.805563140544,448.0095533506411,448.0095533506411,448.0095533506411,1344.0286600519235,0.6194149681997461
750,12.5,4045.1633650886283,4045.1633650886283,4045.1633650886283,0.034334413780642725,0.034334413780642725,0.034334413780642725,-4045.129030674848,-4045.129030674848,-4045.129030674848,-12135.387092024543,-1766.680616116683,-1766.680616116683,-1766.680616116683,-5300.041848350049,0.6475295285913056
780,13.0,3.474246840143873e-07,3.474246840143873e-07,3.474246840143873e-07,3.408566272442503e-07,3.408566272442503e-07,3.408566272442503e-07,-6.568056770136994e-09,-6.568056770136994e-09,-6.568056770136994e-09,-1.9704170310410983e-08,-12032.129698207289,-12032.129698207289,-12032.129698207289,-36096.38909462187,0.6529904419101523
810,13.5,50062.074745622594,50062.074745622594,50062.074745622594,0.00277419961725351,0.00277419961725351,0.00277419961725351,-50062.07197142298,-50062.07197142298,-50062.07197142298,-150186.21591426892,-6649.997850473711,-6649.997850473711,-6649.997850473711,-19949.993551421132,0.6529904419100545
840,14.0,48843.261105723155,48843.261105723155,48843.261105723155,0.0028434293292492444,0.0028434293292492444,0.0028434293292492444,-48843.25826229383,-48843.25826229383,-48843.25826229383,-146529.7747868815,-5561.006402545118,-5561.006402545118,-5561.006402545118,-16683.019207635356,0.720574238192979
870,14.5,46781.3268815096,46781.3268815096,46781.3268815096,0.002968762523816655,0.002968762523816655,0.002968762523816655,-46781.32391274708,-46781.32391274708,-46781.32391274708,-140343.97173824123,-9244.067911106515,-9244.067911106515,-9244.067911106515,-27732.203733319544,0.7865126359466669
900,15.0,31540.105697152834,31540.105697152834,31540.105697152834,0.004403431590940593,0.004403431590940593,0.004403431590940593,-31540.101293721244,-31540.101293721244,-31540.101293721244,-94620.30388116374,450.74002651910416,450.74002651910416,450.74002651910416,1352.2200795573126,0.8496674222887672
930,15.5,11065.50745017264,11065.50745017264,11065.50745017264,0.012551378174708203,0.012551378174708203,0.012551378174708205,-11065.494898794464,-11065.494898794464,-11065.494898794464,-33196.48469638339,164.3672701203903,164.3672701203903,164.3672701203903,493.10181036117086,0.8922465576408961
960,16.0,32202.419827471807,32202.419827471807,32202.419827471807,0.0043128625662199995,0.0043128625662199995,0.0043128625662199995,-32202.41551460924,-32202.41551460924,-32202.41551460924,-96607.24654382773,-6136.577875061316,-6136.577875061316,-6136.577875061316,-18409.733625183948,0.9071849717796655
990,16.5,16864.478726039564,16864.478726039564,16864.478726039564,0.008235452034796437,0.008235452034796437,0.008235452034796437,-16864.47049058753,-16864.47049058753,-16864.47049058753,-50593.41147176259,-4322.799136334763,-4322.799136334763,-4322.799136334763,-12968.397409004288,0.9506582313584732
1020,17.0,0.012006029253351497,0.012006029253351497,0.012006029253351497,11568.175620375483,11568.175620375483,11568.175620375483,11568.16361434623,11568.16361434623,11568.16361434623,34704.490843038686,440.7908475248743,440.7908475248743,440.7908475248743,1322.372542574623,0.9734252639128731
1050,17.5,1.2256595687985215e-08,1.2256595687985215e-08,1.2256595687985215e-08,21386.15536277479,21386.15536277479,21386.15536277479,21386.155362762533,21386.155362762533,21386.155362762533,64158.4660882876,-10760.08685731807,-10760.08685731807,-10760.08685731807,-32280.26057195421,0.9541449874203657
1080,18.0,0.005818142884721082,0.005818142884721082,0.005818142884721082,23871.341443381854,23871.341443381854,23871.341443381854,23871.33562523897,23871.33562523897,23871.33562523897,71614.0068757169,-5187.7969825683895,-5187.7969825683895,-5187.7969825683895,-15563.390947705167,0.9185013951490909
1110,18.5,0.00593078342674403,0.00593078342674403,0.00593078342674403,23417.97029780404,23417.97029780404,23417.97029780404,23417.964367020613,23417.964367020613,23417.964367020613,70253.89310106184,442.51766338340235,442.51766338340235,442.51766338340235,1327.552990150207,0.8787158339312934
1140,19.0,1.3256938667402893e-08,1.3256938667402893e-08,1.3256938667402893e-08,14676.355300626876,14676.355300626876,14676.355300626876,14676.355300613619,14676.355300613619,14676.355300613619,44029.065901840855,-17672.137465051852,-17672.137465051852,-17672.137465051852,-53016.41239515555,0.839685891441511
1170,19.5,1.555565041989113e-08,1.555565041989113e-08,1.555565041989113e-08,6556.644303879711,6556.644303879711,6556.644303879711,6556.644303864155,6556.644303864155,6556.644303864155,19669.932911592463,-21667.34539794507,-21667.34539794507,-21667.34539794507,-65002.036193835214,0.8152252992738191
1200,20.0,1.7123175339959545e-08,1.7123175339959545e-08,1.7123175339959545e-08,1478.7101484461652,1478.7101484461652,1478.7101484461652,1478.710148429042,1478.710148429042,1478.710148429042,4436.130445287126,-22195.99415907552,-22195.99415907552,-22195.99415907552,-66587.98247722656,0.804297558767374
1230,20.5,1.734893673116359e-08,1.734893673116359e-08,1.734893673116359e-08,513.8621649775349,513.8621649775349,513.8621649775349,513.862164960186,513.862164960186,513.862164960186,1541.586494880558,-22140.73275880607,-22140.73275880607,-22140.73275880607,-66422.1982764182,0.8018330418533189
1260,21.0,0.00554113392323438,0.00554113392323438,0.00554113392323438,25064.686486662475,25064.686486662475,25064.686486662475,25064.68094552855,25064.68094552855,25064.68094552855,75194.04283658565,445.4755599057662,445.4755599057662,445.4755599057662,1336.4266797172986,0.8009766049117132
1290,21.5,0.005606472900643301,0.005606472900643301,0.005606472900643301,24772.581480673183,24772.581480673183,24772.581480673183,24772.575874200284,24772.575874200284,24772.575874200284,74317.72762260085,74.11289741626364,74.11289741626364,74.11289741626364,222.3386922487909,0.7592021349144755
1320,22.0,0.0055376950256022335,0.0055376950256022335,0.0055376950256022335,25080.251393915285,25080.251393915285,25080.251393915285,25080.24585622026,25080.24585622026,25080.24585622026,75240.73756866078,452.2218998064904,452.2218998064904,452.2218998064904,1356.6656994194711,0.717914506682092
1350,22.5,0.005555246918253136,0.005555246918253136,0.005555246918253136,25001.01101490968,25001.01101490968,25001.01101490968,25001.005459662763,25001.005459662763,25001.005459662763,75003.0163789883,445.62476063111336,445.62476063111336,445.62476063111336,1336.8742818933401,0.6761140951681187
1380,23.0,0.005620059363341548,0.005620059363341548,0.005620059363341548,24712.694710669417,24712.694710669417,24712.694710669417,24712.689090610053,24712.689090610053,24712.689090610053,74138.06727183016,-1217.1257322816862,-1217.1257322816862,-1217.1257322816862,-3651.3771968450583,0.6344457509761858
1410,23.5,0.0055625755671128395,0.0055625755671128395,0.0055625755671128395,24968.072833501767,24968.072833501767,24968.072833501767,24968.0672709262,24968.0672709262,24968.0672709262,74904.2018127786,-1155.2633118070378,-1155.2633118070378,-1155.2633118070378,-3465.789935421113,0.5932579340454831
1440,24.0,0.00555843079416012,0.00555843079416012,0.00555843079416012,24986.69060181059,24986.69060181059,24986.69060181059,24986.685043379795,24986.685043379795,24986.685043379795,74960.05513013939,443.0868446094357,443.0868446094357,443.0868446094357,1329.260533828307,0.5516444868324571
