Stage,Time_sample,Time_h,PV_available_kW,PV_command_kW,PV_curtailment_kW,SOC_pu,BESS_P_ch_A_kW,BESS_P_dis_A_kW,BESS_P_net_A_kW,BESS_Q_A_kvar,BESS_P_ch_B_kW,BESS_P_dis_B_kW,BESS_P_net_B_kW,BESS_Q_B_kvar,BESS_P_ch_C_kW,BESS_P_dis_C_kW,BESS_P_net_C_kW,BESS_Q_C_kvar,BESS_P_ch_total_kW,BESS_P_dis_total_kW,BESS_P_net_total_kW,BESS_Q_total_kvar,PV_curtailment_energy_kWh,PV_interval_curtailment_fraction,Feeder_nominal_P_demand_kW,PV_surplus_interval,BESS_net_discharge_kW,Gate_violation
One-stage weighted objective,30,0.5,0.0,-3.4540120073402146e-19,3.4540120073402146e-19,0.4999999999999999,5.6117793806696926e-06,24.749156926692386,24.749151314913007,-3.216359237340589,5.6117793806696926e-06,24.749156926692386,24.749151314913007,-3.216359237340589,5.6117793806696926e-06,24.749156926692386,24.749151314913007,-3.216359237340589,1.6835338142009077e-05,74.24747078007715,74.24745394473902,-9.649077712021768,1.7270060036701073e-19,,15.664,False,74.24745394473901,False
One-stage weighted objective,60,1.0,0.0,-3.489038915816268e-19,3.489038915816268e-19,0.4587514126980814,5.573218672223293e-06,24.92039227060418,24.920386697385503,-2.355218585668926,5.573218672223293e-06,24.92039227060418,24.920386697385503,-2.355218585668926,5.573218672223293e-06,24.92039227060418,24.920386697385503,-2.355218585668926,1.671965601666988e-05,74.76117681181253,74.76116009215652,-7.065655757006778,1.744519457908134e-19,,11.51,False,74.76116009215652,False
One-stage weighted objective,90,1.5,0.0,-3.525237979102631e-19,3.525237979102631e-19,0.4172174331042551,5.533921971451483e-06,25.097350993937567,25.097345460015596,-0.5500996595048606,5.533921971451483e-06,25.097350993937567,25.097345460015596,-0.5500996595048606,5.533921971451483e-06,25.097350993937567,25.097345460015596,-0.5500996595048606,1.6601765914354447e-05,75.29205298181272,75.2920363800468,-1.6502989785145818,1.7626189895513155e-19,,10.378,False,75.2920363800468,False
One-stage weighted objective,120,2.0,0.0,-3.4187120810398242e-19,3.4187120810398242e-19,0.37538852225182046,5.648603709351832e-06,24.587814607748616,24.587808959144905,-4.6122139475436885,5.648603709351832e-06,24.587814607748616,24.587808959144905,-4.6122139475436885,5.648603709351832e-06,24.587814607748616,24.587808959144905,-4.6122139475436885,1.6945811128055494e-05,73.76344382324585,73.76342687743471,-13.836641842631067,1.7093560405199121e-19,,11.028,False,73.76342687743472,False
One-stage weighted objective,150,2.5,0.0,-3.507158928756917e-19,3.507158928756917e-19,0.33440883886452233,5.55383745539597e-06,25.007355731067605,25.00735017723015,-2.1312324621397893,5.55383745539597e-06,25.007355731067605,25.00735017723015,-2.1312324621397893,5.55383745539597e-06,25.007355731067605,25.00735017723015,-2.1312324621397893,1.666151236618791e-05,75.02206719320282,75.02205053169044,-6.393697386419368,1.7535794643784586e-19,,9.438,False,75.02205053169045,False
One-stage weighted objective,180,3.0,0.0,-3.5092163524690866e-19,3.5092163524690866e-19,0.29272992014375687,5.551987074107506e-06,25.01569013636797,25.015684584380896,-1.819110281751604,5.551987074107506e-06,25.01569013636797,25.015684584380896,-1.819110281751604,5.551987074107506e-06,25.01569013636797,25.015684584380896,-1.819110281751604,1.6655961222322518e-05,75.04707040910391,75.04705375314268,-5.457330845254813,1.7546081762345433e-19,,10.008,False,75.04705375314269,False
One-stage weighted objective,210,3.5,0.0,-3.526913720246468e-19,3.526913720246468e-19,0.2510371107450571,5.532645741689245e-06,25.103140185579967,25.103134652934227,0.4403522347942892,5.532645741689245e-06,25.103140185579967,25.103134652934227,0.4403522347942892,5.532645741689245e-06,25.103140185579967,25.103134652934227,0.4403522347942892,1.6597937225067737e-05,75.30942055673991,75.30940395880268,1.3210567043828676,1.763456860123234e-19,,12.638,False,75.30940395880269,False
One-stage weighted objective,240,4.0,0.8028310228511782,1.1094400964576982e-12,0.8028310228500687,0.20919855123816222,1.727047579245329e-11,0.8028310308561601,0.8028310308388896,-22.749224452873026,1.727047579245329e-11,0.8028310308561601,0.8028310308388896,-22.749224452873026,1.727047579245329e-11,0.8028310308561601,0.8028310308388896,-22.749224452873026,5.1811427377359876e-11,2.4084930925684804,2.408493092516669,-68.24767335861908,0.40141551142503434,0.999999999998618,10.408,False,2.408493092516669,False
One-stage weighted objective,270,4.5,3.34813146317036,1.1094395459259872e-12,3.3481314631692505,0.20786049952001848,1.6662220608353832e-11,3.348131496628347,3.348131496611684,-22.666348585169143,1.6662220608353832e-11,3.348131496628347,3.348131496611684,-22.666348585169143,1.6662220608353832e-11,3.348131496628347,3.348131496611684,-22.666348585169143,4.998666182506149e-11,10.04439448988504,10.044394489835053,-67.99904575550742,1.6740657315846252,0.9999999999996687,9.298,False,10.044394489835053,False
One-stage weighted objective,300,5.0,7.6124904720528,1.1094414791355406e-12,7.6124904720516895,0.20228028035899373,1.5185760844432863e-11,7.612490548154375,7.612490548139189,-21.93778710998177,1.5185760844432863e-11,7.612490548154375,7.612490548139189,-21.93778710998177,1.5185760844432863e-11,7.612490548154375,7.612490548139189,-21.93778710998177,4.5557282533298596e-11,22.837471644463125,22.83747164441757,-65.81336132994531,3.8062452360258447,0.9999999999998541,10.438,False,22.83747164441757,False
One-stage weighted objective,330,5.5,16.21467298000961,16.21467307959829,0.0,0.1895927961120953,3.474260345074181e-10,3.408579558615812e-10,-6.568078645836895e-12,-22.51190944432013,3.474260345074181e-10,3.408579558615812e-10,-6.568078645836895e-12,-22.51190944432013,3.474260345074181e-10,3.408579558615812e-10,-6.568078645836895e-12,-22.51190944432013,1.0422781035222542e-09,1.0225738675847436e-09,-1.9704235937510686e-11,-67.53572833296037,0.0,0.0,11.388,True,-1.9704235937510573e-11,False
One-stage weighted objective,360,6.0,32.04062632992235,32.04062642951103,0.0,0.18959279611199625,3.4742592328622555e-10,3.4085784873170344e-10,-6.56807455452207e-12,-21.22250619679264,3.4742592328622555e-10,3.4085784873170344e-10,-6.56807455452207e-12,-21.22250619679264,3.4742592328622555e-10,3.4085784873170344e-10,-6.56807455452207e-12,-21.22250619679264,1.0422777698586766e-09,1.0225735461951104e-09,-1.9704223663566212e-11,-63.667518590377924,0.0,0.0,11.461,True,-1.970422366356621e-11,False
One-stage weighted objective,390,6.5,67.54117105030791,67.54117114989658,0.0,0.18959279611185223,3.4742180486451335e-10,3.408537734171446e-10,-6.568031447368752e-12,-10.391017551052212,3.4742180486451335e-10,3.408537734171446e-10,-6.568031447368752e-12,-10.391017551052212,3.4742180486451335e-10,3.408537734171446e-10,-6.568031447368752e-12,-10.391017551052212,1.0422654145935399e-09,1.0225613202514337e-09,-1.9704094342106258e-11,-31.173052653156635,0.0,0.0,12.3234,True,-1.970409434210623e-11,False
One-stage weighted objective,420,7.0,81.2359820112237,81.23593010062267,5.1910601017880256e-05,0.18959279611175317,2.6704060606675664,5.201025253074308e-05,-2.6703540504150354,-5.492574284529063,2.6704060606675664,5.201025253074308e-05,-2.6703540504150354,-5.492574284529063,2.6704060606675664,5.201025253074308e-05,-2.6703540504150354,-5.492574284529063,8.011218182002699,0.00015603075759222922,-8.011062151245108,-16.47772285358719,2.5955300508940128e-05,6.390099526427613e-07,13.8002,True,-8.011062151245106,False
One-stage weighted objective,450,7.5,139.78309169335256,139.78308553727467,6.156077899504453e-06,0.1931977576100277,22.20103332616307,6.255831013469634e-06,-22.201027070332056,-4.713565073468723,22.20103332616307,6.255831013469634e-06,-22.201027070332056,-4.713565073468723,22.20103332616307,6.255831013469634e-06,-22.201027070332056,-4.713565073468723,66.60309997848921,1.8767493040408903e-05,-66.60308121099617,-14.140695220406167,3.0780389497522264e-06,4.404021849086922e-08,17.562099999999997,True,-66.60308121099617,False
One-stage weighted objective,480,8.0,137.80699617541745,137.80698976181284,6.413604598492384e-06,0.22316914217396283,21.323270533509422,6.5133548056479536e-06,-21.323264020154618,-2.2851002749075393,21.323270533509422,6.5133548056479536e-06,-21.323264020154618,-2.2851002749075393,21.323270533509422,6.5133548056479536e-06,-21.323264020154618,-2.2851002749075393,63.96981160052827,1.954006441694386e-05,-63.96979206046385,-6.855300824722617,3.206802299246192e-06,4.654048616173573e-08,30.5205,True,-63.96979206046385,False
One-stage weighted objective,510,8.5,157.78637576376747,157.78637083416058,4.929606890073046e-06,0.25195554653857105,27.61479863140936,5.029376165930989e-06,-27.614793602033195,-0.3182627427720215,27.61479863140936,5.029376165930989e-06,-27.614793602033195,-0.3182627427720215,27.61479863140936,5.029376165930989e-06,-27.614793602033195,-0.3182627427720215,82.84439589422809,1.5088128497792966e-05,-82.84438080609958,-0.9547882283160646,2.464803445036523e-06,3.1242284805714085e-08,23.3315,True,-82.8443808060996,False
One-stage weighted objective,540,9.0,172.4434812296132,172.44347705788005,4.171733162365854e-06,0.28923551630868005,32.51412532451376,4.271514879623689e-06,-32.51412105299889,-0.5539047054321043,32.51412532451376,4.271514879623689e-06,-32.51412105299889,-0.5539047054321043,32.51412532451376,4.271514879623689e-06,-32.51412105299889,-0.5539047054321043,97.5423759735413,1.2814544638871066e-05,-97.54236315899665,-1.661714116296313,2.085866581182927e-06,2.419188671336945e-08,35.0474,True,-97.54236315899666,False
One-stage weighted objective,570,9.5,185.00628302110874,185.00627942183343,3.599275310989469e-06,0.3331295783776049,37.54564549968201,3.6990682534604092e-06,-37.54564180061375,-5.441920322281303,37.54564549968201,3.6990682534604092e-06,-37.54564180061375,-5.441920322281303,37.54564549968201,3.6990682534604092e-06,-37.54564180061375,-5.441920322281303,112.63693649904603,1.1097204760381228e-05,-112.63692540184127,-16.32576096684391,1.7996376554947346e-06,1.945488148950488e-08,39.471199999999996,True,-112.63692540184127,False
One-stage weighted objective,600,10.0,119.41607162306806,119.41606328590619,8.337161882082e-06,0.38381619363706176,16.4618230596209,8.436894116685125e-06,-16.461814622726784,-7.148131619528082,16.4618230596209,8.436894116685125e-06,-16.461814622726784,-7.148131619528082,16.4618230596209,8.436894116685125e-06,-16.461814622726784,-7.148131619528082,49.38546917886269,2.5310682350055375e-05,-49.385443868180346,-21.44439485858425,4.168580941041e-06,6.98160789311334e-08,39.494699999999995,True,-49.38544386818034,False
One-stage weighted objective,630,10.5,229.74574207171457,229.7457394786421,2.593072480522096e-06,0.40603964070607423,51.57355828763854,2.6928910317348907e-06,-51.57355559474751,0.4435518889424564,51.57355828763854,2.6928910317348907e-06,-51.57355559474751,0.4435518889424564,51.57355828763854,2.6928910317348907e-06,-51.57355559474751,0.4435518889424564,154.72067486291562,8.078673095204673e-06,-154.72066678424252,1.3306556668273692,1.296536240261048e-06,1.1286705281844462e-08,42.915699999999994,True,-154.72066678424252,False
One-stage weighted objective,660,11.0,235.99030875364213,235.99030627504192,2.478600217727944e-06,0.4756639399062345,53.863031451095985,2.5784222920755703e-06,-53.863028872673695,0.4388570914266927,53.863031451095985,2.5784222920755703e-06,-53.863028872673695,0.4388570914266927,53.863031451095985,2.5784222920755703e-06,-53.863028872673695,0.4388570914266927,161.58909435328795,7.735266876226711e-06,-161.5890866180211,1.3165712742800781,1.239300108863972e-06,1.0502974595941711e-08,50.0505,True,-161.58908661802107,False
One-stage weighted objective,690,11.5,232.58844417352725,232.58844163397293,2.5395543198101224e-06,0.5483790280678416,52.6192181710089,2.639374484335418e-06,-52.619215531634424,0.4451656460488558,52.6192181710089,2.639374484335418e-06,-52.619215531634424,0.4451656460488558,52.6192181710089,2.639374484335418e-06,-52.619215531634424,0.4451656460488558,157.85765451302672,7.918123453006254e-06,-157.85764659490326,1.3354969381465673,1.2697771599050612e-06,1.091866076508701e-08,32.4315,True,-157.85764659490326,False
One-stage weighted objective,720,12.0,137.66254700039707,137.6625404311404,6.569256656803191e-06,0.6194149681997461,20.82560852338536,6.669005180549089e-06,-20.82560185438018,0.44800955335064113,20.82560852338536,6.669005180549089e-06,-20.82560185438018,0.44800955335064113,20.82560852338536,6.669005180549089e-06,-20.82560185438018,0.44800955335064113,62.47682557015608,2.0007015541647267e-05,-62.476805563140545,1.3440286600519236,3.2846283284015954e-06,4.771999937487894e-08,23.403,True,-62.47680556314054,False
One-stage weighted objective,750,12.5,86.5071933071255,86.50715907237145,3.4234754057251845e-05,0.6475295285913056,4.045163365088628,3.4334413780642725e-05,-4.045129030674848,-1.766680616116683,4.045163365088628,3.4334413780642725e-05,-4.045129030674848,-1.766680616116683,4.045163365088628,3.4334413780642725e-05,-4.045129030674848,-1.766680616116683,12.135490095265885,0.00010300324134192818,-12.135387092024542,-5.300041848350049,1.7117377028625923e-05,3.957445935820457e-07,25.086,True,-12.135387092024542,False
One-stage weighted objective,780,13.0,63.43607803724001,63.43607813682869,0.0,0.6529904419101523,3.474246840143873e-10,3.408566272442503e-10,-6.568056770136995e-12,-12.032129698207289,3.474246840143873e-10,3.408566272442503e-10,-6.568056770136995e-12,-12.032129698207289,3.474246840143873e-10,3.408566272442503e-10,-6.568056770136995e-12,-12.032129698207289,1.042274052043162e-09,1.0225698817327509e-09,-1.9704170310410983e-11,-36.09638909462187,0.0,0.0,45.933,True,-1.9704170310411116e-11,False
One-stage weighted objective,810,13.5,220.84312489531777,220.84312222093425,2.6743835187517107e-06,0.6529904419100545,50.062074745622596,2.7741996172535096e-06,-50.06207197142298,-6.649997850473711,50.062074745622596,2.7741996172535096e-06,-50.06207197142298,-6.649997850473711,50.062074745622596,2.7741996172535096e-06,-50.06207197142298,-6.649997850473711,150.1862242368678,8.32259885176053e-06,-150.18621591426893,-19.949993551421134,1.3371917593758554e-06,1.210987899224574e-08,36.0845,True,-150.18621591426893,False
One-stage weighted objective,840,14.0,219.0145041579911,219.01450141437584,2.7436152449809015e-06,0.720574238192979,48.84326110572316,2.8434293292492443e-06,-48.84325826229383,-5.561006402545118,48.84326110572316,2.8434293292492443e-06,-48.84325826229383,-5.561006402545118,48.84326110572316,2.8434293292492443e-06,-48.84325826229383,-5.561006402545118,146.52978331716946,8.530287987747734e-06,-146.5297747868815,-16.683019207635358,1.3718076224904508e-06,1.2527093835765929e-08,41.0365,True,-146.52977478688146,False
One-stage weighted objective,870,14.5,209.104784648659,209.10478177970705,2.8689519385807215e-06,0.7865126359466669,46.7813268815096,2.9687625238166553e-06,-46.781323912747084,-9.244067911106514,46.7813268815096,2.9687625238166553e-06,-46.781323912747084,-9.244067911106514,46.7813268815096,2.9687625238166553e-06,-46.781323912747084,-9.244067911106514,140.3439806445288,8.906287571449966e-06,-140.34397173824124,-27.732203733319544,1.4344759692903607e-06,1.372016400007861e-08,35.203,True,-140.34397173824124,False
One-stage weighted objective,900,15.0,169.58967598894523,169.58967168529304,4.303652181988582e-06,0.8496674222887672,31.540105697152836,4.4034315909405925e-06,-31.540101293721243,0.45074002651910416,31.540105697152836,4.4034315909405925e-06,-31.540101293721243,0.45074002651910416,31.540105697152836,4.4034315909405925e-06,-31.540101293721243,0.45074002651910416,94.6203170914585,1.3210294772821778e-05,-94.62030388116374,1.3522200795573125,2.151826090994291e-06,2.5376852434514454e-08,39.21,True,-94.62030388116374,False
One-stage weighted objective,930,15.5,108.38617806758464,108.38616561591324,1.2451671398594044e-05,0.8922465576408961,11.065507450172639,1.2551378174708202e-05,-11.065494898794464,0.1643672701203903,11.065507450172639,1.2551378174708202e-05,-11.065494898794464,0.1643672701203903,11.065507450172639,1.2551378174708204e-05,-11.065494898794464,0.1643672701203903,33.19652235051792,3.765413452412461e-05,-33.19648469638339,0.49310181036117084,6.225835699297022e-06,1.1488246583277209e-07,25.9245,True,-33.19648469638339,False
One-stage weighted objective,960,16.0,167.97181180257934,167.97180758949776,4.213081585476175e-06,0.9071849717796655,32.20241982747181,4.31286256622e-06,-32.20241551460924,-6.136577875061317,32.20241982747181,4.31286256622e-06,-32.20241551460924,-6.136577875061317,32.20241982747181,4.31286256622e-06,-32.20241551460924,-6.136577875061317,96.60725948241542,1.293858769866e-05,-96.60724654382773,-18.409733625183947,2.1065407927380874e-06,2.5082075023563444e-08,45.25,True,-96.60724654382771,False
One-stage weighted objective,990,16.5,124.58044620067777,124.58043806495961,8.13571816252079e-06,0.9506582313584732,16.864478726039565,8.235452034796437e-06,-16.86447049058753,-4.322799136334763,16.864478726039565,8.235452034796437e-06,-16.86447049058753,-4.322799136334763,16.864478726039565,8.235452034796437e-06,-16.86447049058753,-4.322799136334763,50.59343617811869,2.4706356104389314e-05,-50.59341147176259,-12.968397409004288,4.067859081260395e-06,6.530493677487348e-08,41.6925,True,-50.59341147176258,False
One-stage weighted objective,1020,17.0,58.8676590442051,39.826061235596235,19.04159780860886,0.9734252639128731,1.2006029253351498e-05,11.568175620375483,11.56816361434623,0.4407908475248743,1.2006029253351498e-05,11.568175620375483,11.56816361434623,0.4407908475248743,1.2006029253351498e-05,11.568175620375483,11.56816361434623,0.4407908475248743,3.601808776005449e-05,34.704526861126446,34.704490843038684,1.322372542574623,9.52079890430443,0.32346449846612857,60.6611,False,34.704490843038684,False
One-stage weighted objective,1050,17.5,21.38615526279812,1.109432239989096e-12,21.386155262797008,0.9541449874203657,1.2256595687985215e-11,21.38615536277479,21.386155362762533,-10.76008685731807,1.2256595687985215e-11,21.38615536277479,21.386155362762533,-10.76008685731807,1.2256595687985215e-11,21.38615536277479,21.386155362762533,-10.76008685731807,3.6769787063955646e-11,64.15846608832436,64.1584660882876,-32.28026057195421,10.693077631398504,0.999999999999948,60.3799,False,64.1584660882876,False
One-stage weighted objective,1080,18.0,35.72629562474032,0.6493362810159967,35.076959343724326,0.9185013951490909,5.818142884721082e-06,23.871341443381855,23.87133562523897,-5.18779698256839,5.818142884721082e-06,23.871341443381855,23.87133562523897,-5.18779698256839,5.818142884721082e-06,23.871341443381855,23.87133562523897,-5.18779698256839,1.7454428654163247e-05,71.61402433014557,71.61400687571691,-15.563390947705168,17.538479671862163,0.981824696077185,50.6114,False,71.61400687571691,False
One-stage weighted objective,1110,18.5,34.88048921037201,3.9449215937105078,30.935567616661505,0.8787158339312934,5.93078342674403e-06,23.41797029780404,23.417964367020613,0.44251766338340237,5.93078342674403e-06,23.41797029780404,23.417964367020613,0.44251766338340237,5.93078342674403e-06,23.41797029780404,23.417964367020613,0.44251766338340237,1.7792350280232088e-05,70.25391089341211,70.25389310106183,1.327552990150207,15.467783808330752,0.8869017699288044,61.787,False,70.25389310106183,False
One-stage weighted objective,1140,19.0,14.676355200650205,1.1094413055447143e-12,14.676355200649095,0.839685891441511,1.3256938667402893e-11,14.676355300626875,14.676355300613618,-17.67213746505185,1.3256938667402893e-11,14.676355300626875,14.676355300613618,-17.67213746505185,1.3256938667402893e-11,14.676355300626875,14.676355300613618,-17.67213746505185,3.977081600220868e-11,44.02906590188063,44.02906590184085,-53.016412395155555,7.338177600324547,0.9999999999999244,49.4985,False,44.02906590184086,False
One-stage weighted objective,1170,19.5,6.556644238336596,1.1094427164299186e-12,6.556644238335487,0.8152252992738191,1.555565041989113e-11,6.55664430387971,6.556644303864155,-21.66734539794507,1.555565041989113e-11,6.55664430387971,6.556644303864155,-21.66734539794507,1.555565041989113e-11,6.55664430387971,6.556644303864155,-21.66734539794507,4.6666951259673394e-11,19.66993291163913,19.66993291159246,-65.00203619383521,3.2783221191677434,0.9999999999998308,40.435,False,19.66993291159246,False
One-stage weighted objective,1200,20.0,1.4787101336823925,1.10943980801291e-12,1.4787101336812831,0.804297558767374,1.7123175339959547e-11,1.4787101484461653,1.478710148429042,-22.195994159075518,1.7123175339959547e-11,1.4787101484461653,1.478710148429042,-22.195994159075518,1.7123175339959547e-11,1.4787101484461653,1.478710148429042,-22.195994159075518,5.1369526019878634e-11,4.436130445338495,4.436130445287127,-66.58798247722656,0.7393550668406416,0.9999999999992498,56.3995,False,4.436130445287126,False
One-stage weighted objective,1230,20.5,0.5138621598622417,1.1094461751644449e-12,0.5138621598611323,0.8018330418533189,1.734893673116359e-11,0.5138621649775349,0.513862164960186,-22.14073275880607,1.734893673116359e-11,0.5138621649775349,0.513862164960186,-22.14073275880607,1.734893673116359e-11,0.5138621649775349,0.513862164960186,-22.14073275880607,5.204681019349077e-11,1.5415864949326046,1.541586494880558,-66.4221982764182,0.25693107993056613,0.999999999997841,47.399,False,1.5415864948805578,False
One-stage weighted objective,1260,21.0,0.0,-3.5190552148520674e-19,3.5190552148520674e-19,0.8009766049117132,5.54113392323438e-06,25.064686486662474,25.06468094552855,0.4454755599057662,5.54113392323438e-06,25.064686486662474,25.06468094552855,0.4454755599057662,5.54113392323438e-06,25.064686486662474,25.06468094552855,0.4454755599057662,1.662340176970314e-05,75.19405945998741,75.19404283658565,1.3364266797172986,1.7595276074260337e-19,,34.112,False,75.19404283658565,False
One-stage weighted objective,1290,21.5,0.0,-3.4581349276487215e-19,3.4581349276487215e-19,0.7592021349144755,5.606472900643301e-06,24.772581480673182,24.772575874200285,0.07411289741626363,5.606472900643301e-06,24.772581480673182,24.772575874200285,0.07411289741626363,5.606472900643301e-06,24.772581480673182,24.772575874200285,0.07411289741626363,1.68194187019299e-05,74.31774444201956,74.31772762260086,0.22233869224879088,1.7290674638243607e-19,,45.046,False,74.31772762260086,False
One-stage weighted objective,1320,22.0,0.0,-3.522047213334771e-19,3.522047213334771e-19,0.717914506682092,5.537695025602233e-06,25.080251393915287,25.08024585622026,0.4522218998064904,5.537695025602233e-06,25.080251393915287,25.08024585622026,0.4522218998064904,5.537695025602233e-06,25.080251393915287,25.08024585622026,0.4522218998064904,1.66130850768067e-05,75.24075418174586,75.24073756866079,1.3566656994194712,1.7610236066673855e-19,,39.2842,False,75.24073756866078,False
One-stage weighted objective,1350,22.5,0.0,-3.5122409466225133e-19,3.5122409466225133e-19,0.6761140951681187,5.555246918253136e-06,25.00101101490968,25.001005459662764,0.44562476063111334,5.555246918253136e-06,25.00101101490968,25.001005459662764,0.44562476063111334,5.555246918253136e-06,25.00101101490968,25.001005459662764,0.44562476063111334,1.6665740754759405e-05,75.00303304472904,75.00301637898829,1.3368742818933401,1.7561204733112566e-19,,34.0765,False,75.00301637898828,False
One-stage weighted objective,1380,23.0,0.0,-3.4456802074990437e-19,3.4456802074990437e-19,0.6344457509761858,5.620059363341548e-06,24.712694710669417,24.712689090610052,-1.2171257322816862,5.620059363341548e-06,24.712694710669417,24.712689090610052,-1.2171257322816862,5.620059363341548e-06,24.712694710669417,24.712689090610052,-1.2171257322816862,1.6860178090024645e-05,74.13808413200826,74.13806727183017,-3.651377196845058,1.7228401037495218e-19,,34.936,False,74.13806727183017,False
One-stage weighted objective,1410,23.5,0.0,-3.4985092170757907e-19,3.4985092170757907e-19,0.5932579340454831,5.562575567112839e-06,24.96807283350177,24.9680672709262,-1.1552633118070377,5.562575567112839e-06,24.96807283350177,24.9680672709262,-1.1552633118070377,5.562575567112839e-06,24.96807283350177,24.9680672709262,-1.1552633118070377,1.6687726701338517e-05,74.90421850050531,74.9042018127786,-3.465789935421113,1.7492546085378954e-19,,26.0865,False,74.90420181277861,False
One-stage weighted objective,1440,24.0,0.0,-3.5039796316958463e-19,3.5039796316958463e-19,0.5516444868324571,5.55843079416012e-06,24.98669060181059,24.986685043379797,0.44308684460943565,5.55843079416012e-06,24.98669060181059,24.986685043379797,0.44308684460943565,5.55843079416012e-06,24.98669060181059,24.986685043379797,0.44308684460943565,1.667529238248036e-05,74.96007180543177,74.96005513013938,1.329260533828307,1.7519898158479231e-19,,27.1535,False,74.96005513013938,False
