Time_sample_min,Time_h,PV_available_kW,PV_seed_fraction,PV_seed_kW,BESS_seed_P_ch_kW,BESS_seed_P_dis_kW,BESS_seed_P_net_kW,BESS_seed_SOC_pu,Min_voltage_pu,Max_voltage_pu,Max_line_loading_pu_of_security_limit,Transformer_loading_pu_of_security_limit
30,0.5,0.0,0.0,0.0,0.0,0.0,0.0,0.5,1.0660259205156888,1.075353638895958,0.12998360335224807,0.0254182333567427
60,1.0,0.0,0.0,0.0,0.0,0.0,0.0,0.5,1.0685356181580035,1.0746914603531168,0.1058561151677912,0.01880216282889218
90,1.5,0.0,0.0,0.0,0.0,0.0,0.0,0.5,1.0701203669456751,1.0746039803700074,0.10577816433376735,0.017859918916568542
120,2.0,0.0,0.0,0.0,0.0,0.0,0.0,0.5,1.0676047227788288,1.0764690747530967,0.10556065915810942,0.019329927824458807
150,2.5,0.0,0.0,0.0,0.0,0.0,0.0,0.5,1.069569058049101,1.074645143534265,0.10568226708306207,0.01576946201542822
180,3.0,0.0,0.0,0.0,0.0,0.0,0.0,0.5,1.0702776855557834,1.0746983979650704,0.10577956112948331,0.017032332351485078
210,3.5,0.0,0.0,0.0,0.0,0.0,0.0,0.5,1.0690242903295115,1.0744471242673628,0.10574723253346453,0.02304380677159204
240,4.0,0.8028310228511782,1.0,0.8028310228511782,0.0,0.0,0.0,0.5,1.0700752394317299,1.074675536881871,0.10582538566204032,0.016986434508128666
270,4.5,3.34813146317036,1.0,3.34813146317036,0.0,0.0,0.0,0.5,1.0705837994241714,1.0767514025233582,0.10578131434893367,0.011495654031748419
300,5.0,7.6124904720528,1.0,7.6124904720528,0.0,0.0,0.0,0.5,1.0701158079435342,1.0759458466668106,0.10573564394555911,0.010437249391573864
330,5.5,16.21467298000961,1.0,16.21467298000961,0.0,0.0,0.0,0.5,1.0719328676229072,1.0782441783982744,0.219303593491063,0.012518399507765395
360,6.0,32.04062632992235,1.0,32.04062632992235,0.0,0.0,0.0,0.5,1.0709106600559248,1.0887886217702039,0.4329326514041785,0.02843401726368647
390,6.5,67.54117105030791,1.0,67.54117105030791,0.0,0.0,0.0,0.5,1.0752310744181122,1.098261831784013,0.8970297611120975,0.0742433072130791
420,7.0,81.2359820112237,0.7530303955078125,61.173163663377316,0.0,0.0,0.0,0.5,1.0751492766695552,1.0999778005463485,0.8150910656861584,0.0631798871852385
450,7.5,139.78309169335256,0.4501109619140625,62.917901861416524,0.0,0.0,0.0,0.5,1.0725408006475212,1.0999746951390932,0.8442149306788589,0.06006554081718204
480,8.0,137.80699617541745,0.499256103515625,68.80098394773155,0.0,0.0,0.0,0.5,1.0679274208434104,1.09997410048664,0.9278663095801768,0.04900867425443362
510,8.5,157.78637576376747,0.4701104736328125,74.17702784310966,0.0,0.0,0.0,0.5,1.0751260191513872,1.099973109399218,0.9897418551974826,0.06594776854164826
540,9.0,172.4434812296132,0.4269407958984375,73.62315712366832,0.0,0.0,0.0,0.5,1.0736459291954719,1.0999710611518794,0.9827282838147096,0.04862742020767049
570,9.5,185.00628302110874,0.32724810791015624,60.5429560701487,0.0,0.0,0.0,0.5,1.0670747552980735,1.0999761487339788,0.8161066999339094,0.026992227501681117
600,10.0,119.41607162306806,0.4568790893554687,54.55870605755477,0.0,0.0,0.0,0.5,1.0583676558614192,1.0999782630538122,0.7450694074534406,0.017146102103671908
630,10.5,229.74574207171457,0.5000487670898438,114.88407506710212,40.0,0.0,-40.0,0.5,1.0738629112683804,1.0947045547367145,0.998326002949416,0.03601523888405662
660,11.0,235.99030875364213,0.48419549560546876,114.26544450505735,40.0,0.0,-40.0,0.518,1.0656846560800697,1.099181032331609,0.9983791775173612,0.026349386894363683
690,11.5,232.58844417352725,0.49273187255859374,114.60373963311203,40.0,0.0,-40.0,0.536,1.0748503647031,1.0982660604236798,0.9985037909613715,0.05426034770691527
720,12.0,137.66254700039707,0.5454744873046875,75.09140724609902,0.0,0.0,0.0,0.554,1.0751124082174592,1.0991899521184063,0.9989375875453756,0.0678394013435626
750,12.5,86.5071933071255,0.8141874389648438,70.43307017076519,0.0,0.0,0.0,0.554,1.0717610791364387,1.099974430849114,0.9445689808238636,0.059443331415013
780,13.0,63.43607803724001,1.0,63.43607803724001,0.0,0.0,0.0,0.554,1.0690527675747685,1.0954081607337924,0.8569498543787484,0.019926226190894382
810,13.5,220.84312489531777,0.43529425048828124,96.13174252679723,40.0,0.0,-40.0,0.554,1.0621432364315222,1.0999639913949362,0.7646987606780697,0.025291077591770947
840,14.0,219.0145041579911,0.275115234375,60.25422664295013,0.0,0.0,0.0,0.5720000000000001,1.0690685589010245,1.0999771398214007,0.8102160367098722,0.02404369004145911
870,14.5,209.104784648659,0.23103094482421874,48.30967596464448,0.0,0.0,0.0,0.5720000000000001,1.0629855946676707,1.0999813684610675,0.6517824115175189,0.01814179086981999
900,15.0,169.58967598894523,0.44151361083984375,74.87615020703836,0.0,0.0,0.0,0.5720000000000001,1.0746888835258197,1.0984664583003947,0.9989514591717961,0.04543047831489925
930,15.5,108.38617806758464,0.692909912109375,75.10185711868115,0.0,0.0,0.0,0.5720000000000001,1.075142537275086,1.0998405019021633,0.998957932597459,0.06401546938710002
960,16.0,167.97181180257934,0.344625732421875,57.887408668693254,0.0,0.0,0.0,0.5720000000000001,1.0638092543877924,1.0999777344738537,0.7856091586026278,0.012618208039736551
990,16.5,124.58044620067777,0.51901171875,64.65871150525568,0.0,0.0,0.0,0.5720000000000001,1.062894744987327,1.0999735719066817,0.8607418175899622,0.02700073633260015
1020,17.0,58.8676590442051,1.0,58.8676590442051,0.0,0.0,0.0,0.5720000000000001,1.068332841671476,1.0868411349861047,0.7941608621616556,0.018061059849554157
1050,17.5,21.38615526279812,1.0,21.38615526279812,0.0,0.0,0.0,0.5720000000000001,1.0557732532807764,1.0813846040759076,0.2944749389031921,0.06331767635970603
1080,18.0,35.72629562474032,1.0,35.72629562474032,0.0,0.0,0.0,0.5720000000000001,1.051707614458521,1.0908886038722914,0.48211037992226957,0.0278880832197291
1110,18.5,34.88048921037201,1.0,34.88048921037201,0.0,0.0,0.0,0.5720000000000001,1.0604934062364768,1.080122685497807,0.47670784381904985,0.047722571318949684
1140,19.0,14.676355200650205,1.0,14.676355200650205,0.0,0.0,0.0,0.5720000000000001,1.0603169926753726,1.0742681338789617,0.20097867406979955,0.05598817514447869
1170,19.5,6.556644238336596,1.0,6.556644238336596,0.0,0.0,0.0,0.5720000000000001,1.0584751558104515,1.076673238762015,0.1711387978525264,0.05220355394584819
1200,20.0,1.4787101336823925,1.0,1.4787101336823925,0.0,0.0,0.0,0.5720000000000001,1.0563932114994432,1.0739824364114656,0.26606170860845624,0.08458598041701211
1230,20.5,0.5138621598622417,1.0,0.5138621598622417,0.0,0.0,0.0,0.5720000000000001,1.0535546049780362,1.0740917863903523,0.23364844324894024,0.07135604630269418
1260,21.0,0.0,0.0,0.0,0.0,32.4,32.4,0.5720000000000001,1.0718885329788994,1.08126752361513,0.43724927035245026,0.009431896952694344
1290,21.5,0.0,0.0,0.0,0.0,32.4,32.4,0.554,1.0636301318544015,1.0844727664101574,0.4424425375581992,0.02562439311549254
1320,22.0,0.0,0.0,0.0,0.0,32.4,32.4,0.536,1.068061349790361,1.082227358747025,0.43708789709842566,0.017165008066138916
1350,22.5,0.0,0.0,0.0,0.0,0.0,0.0,0.518,1.0641783353437204,1.07429773435663,0.143810483068648,0.05142459570162643
1380,23.0,0.0,0.0,0.0,0.0,32.4,32.4,0.518,1.0597401137233127,1.0856396066682472,0.4424821102257931,0.011718330483729998
1410,23.5,0.0,0.0,0.0,0.0,0.0,0.0,0.5,1.0640095201195177,1.074392416241672,0.1375305869362571,0.03972594532225099
1440,24.0,0.0,0.0,0.0,0.0,0.0,0.0,0.5,1.0621401970967614,1.0742018631666816,0.12877165766940302,0.04227170803281107
